ID,OBJECTID,name,adress,okrug,rayon,form_of_incorporation,submission,tip_uchrezhdeniya,vid_uchrezhdeniya,telephone,web_site,e_mail
16,1,"?????????? ?????????????? ??????????? ????? ??????????? ""????""",127576 ?????? ??. ???????????? ?.6?,??????-????????? ???????????????? ?????,????? ?????????,?????????????????,?????????????????,??????????????????? ??????????,????? ???????????,(499) 200-05-08,nouznak.mskobr.ru,lic@bk.ru
19,2,???????????????  ????????? ??????????????? ?????????? ?????? ?????? ??????? ??????????????????? ????? «????? ????????» ? 1138,"129329, ????? ??????, ???????? ??????, ?. 8, ???????? 1",??????-????????? ???????????????? ?????,????? ????????,???????????????,??????-????????? ???????? ?????????? ???????????,??????????????????? ??????????,"??????? ??????????????????? ????? ""????? ????????""",(499) 180-23-98,schz1138.svao.mskobr.ru,sch1138@yandex.ru
21,3,???????????????  ????????? ??????????????? ?????????? ?????? ?????? ??????? ??????????????????? ????? ? 745,"127562 ?. ??????, ???????????? ?????, ?. 30?",??????-????????? ???????????????? ?????,????? ????????,???????????????,??????-????????? ???????? ?????????? ???????????,??????????????????? ??????????,??????? ??????????????????? ?????,(499) 903-00-01,sch745sv.mskobr.ru,schkola745@yandex.ru
23,4,??????????????? ?????????  ??????????????? ?????????? ?????? ?????? ???????? ? 1554,"127490, ?. ??????, ??. ???????, ?.5,9?",??????-????????? ???????????????? ?????,????? ????????,???????????????,??????-????????? ???????? ?????????? ???????????,??????????????????? ??????????,????????,(499) 203-17-90,gum1554sv.mskobr.ru,Gymn-1554@yandex.ru
40,5,"??????????????? ????????? ??????????????? ?????????? ?????? ?????? ""?????????? ??????? ??????????? ??????? ???????????? ??????? ?4 ??. ?.?. ??????????? (????????)"" ???????????? ?????????? ???????? ? ?????? ?????? ??????",,??????-????????? ???????????????? ?????,????? ????????,???????????????,??????????? ?????????? ???????? ? ??????,??????????????? ?????????? ???????? ????????????????? ???????????,??????? ??????????????????? ?????,(495) 707-05-51,,uorgomelski@mail.ru
54,6,??????????????? ????????? ??????????????? ?????????? ?????? ?????? ???????? ? 1503,"129626, ?.??????, ??.?.?????????, ?.18",??????-????????? ???????????????? ?????,???????????? ?????,???????????????,??????-????????? ???????? ?????????? ???????????,??????????????????? ??????????,????????,(495) 683-77-12,gymsv1503.mskobr.ru,sch_1503@gor.educom.ru
56,7,??????????????? ????????? ??????????????? ?????????? ?????? ?????? ???????? ? 1506,"127282, ?. ??????, ??. ???????, ?.1?",??????-????????? ???????????????? ?????,????? ???????? ??????????,???????????????,??????-????????? ???????? ?????????? ???????????,??????????????????? ??????????,????????,(499) 476-00-89; (499) 476-38-56,gym1506sv.mskobr.ru,sch1506@yandex.ru
72,8,"??????????????? ????????? ??????????????? ?????????? ?????? ?????? ???????? ? 1531 ""???????????????""","129085, ?. ??????, ??. ??????????, ?.4, ???.3",??????-????????? ???????????????? ?????,???????????? ?????,???????????????,??????-????????? ???????? ?????????? ???????????,??????????????????? ??????????,????????,(495) 687-01-07,gym1531sv.mskobr.ru,Sch1531edu@yandex.ru
83,9,??????????????? ????????? ??????????????? ?????????? ?????? ?????? ???????? ? 1558 ????? ??????? ?? ??????,"129327,  ??????, ????????? ??????, ?. 6",??????-????????? ???????????????? ?????,???????????? ?????,???????????????,??????-????????? ???????? ?????????? ???????????,??????????????????? ??????????,????????,471-23-54,gymsv1558.mskobr.ru/,colrosaliacastro@mail.ru
85,10,"??????????????? ????????? ??????????????? ?????????? ?????? ?????? ???????? ? 1565 ""????????""","129323, ?. ??????, ??. ??????, ?. 4, ????. 1",??????-????????? ???????????????? ?????,????? ????????,???????????????,??????-????????? ???????? ?????????? ???????????,??????????????????? ??????????,????????,(499) 656-60-81,gum1565sv.mskobr.ru/,edu1565@mail.ru
90,11,??????????????? ????????? ??????????????? ?????????? ?????? ?????? ???????? ? 1572,"127018, ?.??????, ??????????? ???., ?.11",??????-????????? ???????????????? ?????,????? ??????? ????,???????????????,??????-????????? ???????? ?????????? ???????????,??????????????????? ??????????,????????,681-67-58,gum1572sv.mskobr.ru/,gimnaz1572@mail.ru
91,12,??????????????? ????????? ??????????????? ?????????? ?????? ?????? ???????? ? 1573,"127253, ?. ??????, ??. ?????????, ?.11",??????-????????? ???????????????? ?????,????? ?????????,???????????????,??????-????????? ???????? ?????????? ???????????,??????????????????? ??????????,????????,(499) 501-13-27,http://gum1573.svao.mskobr.ru/,Gym1573@yandex.ru
93,13,??????????????? ????????? ??????????????? ?????????? ?????? ?????? ???????? ? 1577,"129337, ?. ??????, ??????????? ?????, ??? ( ????????) 8, ????. 6",??????-????????? ???????????????? ?????,??????????? ?????,???????????????,??????-????????? ???????? ?????????? ???????????,??????????????????? ??????????,????????,(499) 188-47-47,gym1577sv.mskobr.ru/,gym1577@yandex.ru
120,14,??????????????? ????????? ??????????????? ?????????? ?????? ?????? ???????? ?1518,"129085, ?. ??????, ???????? ????, ?. 87",??????-????????? ???????????????? ?????,???????????? ?????,???????????????,??????-????????? ???????? ?????????? ???????????,??????????????????? ??????????,????????,(495) 687-66-66,gum1518.svao.mskobr.ru,gou1518@mail.ru
121,15,??????????????? ????????? ??????????????? ?????????? ?????? ?????? ???????? ?1539,"129626, ?. ??????, ??. ?????????????????, ??? 1",??????-????????? ???????????????? ?????,???????????? ?????,???????????????,??????-????????? ???????? ?????????? ???????????,??????????????????? ??????????,????????,(495) 686-29-80,gum1539sv.mskobr.ru/,gimnazia1539@yandex.ru
124,16,??????????????? ????????? ??????????????? ?????????? ?????? ?????? ??????????????? ????????? ????????,"127543 ??????????? ?????, ?. 12",??????-????????? ???????????????? ?????,????? ????????,???????????????,??????-????????? ???????? ?????????? ???????????,??????????????????? ??????????,????????,(495) 901-22-18; (499) 745-33-23,gymssv1.mskobr.ru,fertmanv@gmail.com
144,17,??????????????? ????????? ??????????????? ?????????? ?????? ?????? ????? ? 1568,"127221, ?. ??????, ?????? ???????????, ??? 7, ?????? 2",??????-????????? ???????????????? ?????,????? ????? ??????????,???????????????,??????-????????? ???????? ?????????? ???????????,??????????????????? ??????????,?????,656-88-13,lyc1568sv.mskobr.ru/,fml1568@yandex.ru
160,18,??????????????? ????????? ??????????????? ?????????? ?????? ?????? ????? ?????????????? ?????????? ? 1537,"129347, ?. ??????, ??. ???????????, ?.9",??????-????????? ???????????????? ?????,??????????? ?????,???????????????,??????-????????? ???????? ?????????? ???????????,??????????????????? ??????????,?????,(499) 182-19-44,lyc1537sv.mskobr.ru,lit1537@mail.ru
176,19,??????????????? ????????? ??????????????? ?????????? ?????? ?????? ??????????? ? 1779,"129323, ?. ??????, ??. ??????, ?.12",??????-????????? ???????????????? ?????,????? ????????,???????????????,??????-????????? ???????? ?????????? ???????????,??????????????? ?????????? ??? ????? ??????????? ? ???????? ????????? ????????,???????????,(499) 180-43-90; (499) 180-01-96,ds294.mskobr.ru,edu1779@yandex.ru
179,20,??????????????? ????????? ??????????????? ?????????? ?????? ?????? ??????????? ? 1819,"127572, ?. ??????, ??. ????????????, ?. 24, ????. 2",??????-????????? ???????????????? ?????,????? ?????????,???????????????,??????-????????? ???????? ?????????? ???????????,??????????????? ?????????? ??? ????? ??????????? ? ???????? ????????? ????????,???????????,(499) 200-73-44,pgymsv1819.mskobr.ru,Pro1819@mail.ru
214,21,"??????????????? ????????? ??????????????? ?????????? ?????? ?????? ??????? ??????????????????? ????? ""????? ????????"" ? 266","?. ??????, ??. ???????????? ?. 10?",??????-????????? ???????????????? ?????,????? ?????????,???????????????,??????-????????? ???????? ?????????? ???????????,??????????????????? ??????????,"??????? ??????????????????? ????? ""????? ????????""",(499) 200-70-00,schz266.svao.mskobr.ru,schl266@yandex.ru
218,22,"??????????????? ????????? ??????????????? ?????????? ?????? ?????? ??????? ??????????????????? ????? ""????? ????????"" ? 306","129226, ?. ??????, ??. ????????????????????, ?. 20, ???.1",??????-????????? ???????????????? ?????,????? ?????????,???????????????,??????-????????? ???????? ?????????? ???????????,??????????????????? ??????????,"??????? ??????????????????? ????? ""????? ????????""",(499) 181-41-14,schz306sv.mskobr.ru/,sch0306@yandex.ru
232,23,"??????????????? ????????? ??????????????? ?????????? ?????? ?????? ??????? ??????????????????? ????? ""????? ????????"" ? 606","127566, ?.??????, ?????  ??????????, ??? 25 ?",??????-????????? ???????????????? ?????,????? ????????,???????????????,??????-????????? ???????? ?????????? ???????????,??????????????????? ??????????,"??????? ??????????????????? ????? ""????? ????????""",404-05-04,schz606sv.mskobr.ru,sch606@yandex.ru
254,24,"??????????????? ????????? ??????????????? ?????????? ?????? ?????? ??????? ??????????????????? ????? ""????? ????????? ????????"" ? 388","127349, ????? ??????, ?????????? ??????, ??? 9",??????-????????? ???????????????? ?????,????? ????????,???????????????,??????-????????? ???????? ?????????? ???????????,??????????????????? ??????????,"??????? ??????????????????? ????? ""????? ????????? ????????""",909-15-98,shnd388.svao.mskobr.ru,sch388@yandex.ru
255,25,"??????????????? ????????? ??????????????? ?????????? ?????? ?????? ??????? ??????????????????? ????? ""????? ????????? ????????"" ? 410","129226, ?. ??????, ??. ????????, ?. 5 ?",??????-????????? ???????????????? ?????,????? ?????????,???????????????,??????-????????? ???????? ?????????? ???????????,??????????????????? ??????????,"??????? ??????????????????? ????? ""????? ????????? ????????""",(499) 187-89-97,shnd410sv.mskobr.ru/,sch410@yandex.ru
259,26,??????????????? ????????? ??????????????? ?????????? ?????? ?????? ??????? ??????????????????? ????? «????? ????????? ????????» ? 265,"127562, ?. ??????, ???????????? ?????, ?. 24 ?",??????-????????? ???????????????? ?????,????? ????????,???????????????,??????-????????? ???????? ?????????? ???????????,??????????????????? ??????????,"??????? ??????????????????? ????? ""????? ????????? ????????""",(499) 201-01-01,scnd265.svao.mskobr.ru,sch2651@yandex.ru
280,27,??????????????? ????????? ??????????????? ?????????? ?????? ?????? ??????? ??????????????????? ????? ? 1038,"127081, ?. ??????, ????? ????? ??????, ??? 21",??????-????????? ???????????????? ?????,????? ????? ??????????,???????????????,??????-????????? ???????? ?????????? ???????????,??????????????????? ??????????,??????? ??????????????????? ?????,(495) 477-13-13; (495) 477-13-83; (495) 477-02-53; (495) 477-75-54,sch1038sv.mskobr.ru,sch1038@yandex.ru
287,28,??????????????? ????????? ??????????????? ?????????? ?????? ?????? ??????? ??????????????????? ????? ? 1051 ????? ????? ????????????????? ????? ?.?. ????????,"127572, ?????  ??????, ?????  ?????????, ??? 17",??????-????????? ???????????????? ?????,????? ?????????,???????????????,??????-????????? ???????? ?????????? ???????????,??????????????????? ??????????,??????? ??????????????????? ?????,(499) 209-11-51,http://sch1051sv.mskobr.ru/,School1051@mail.ru
298,29,??????????????? ????????? ??????????????? ?????????? ?????? ?????? ??????? ??????????????????? ????? ? 1094,"129347, ?. ??????, ??. ?????????, ?. 137",??????-????????? ???????????????? ?????,??????????? ?????,???????????????,??????-????????? ???????? ?????????? ???????????,??????????????????? ??????????,??????? ??????????????????? ?????,(499) 188-67-01,sch1094sv.mskobr.ru,school1094@mail.ru
299,30,??????????????? ????????? ??????????????? ?????????? ?????? ?????? ??????? ??????????????????? ????? ? 1096,"129337, ?. ??????, ????? ?????????, ??? 10",??????-????????? ???????????????? ?????,??????????? ?????,???????????????,??????-????????? ???????? ?????????? ???????????,??????????????????? ??????????,??????? ??????????????????? ?????,(499) 188-51-01,sch1096sv.mskobr.ru,school1096@mail.ru
300,31,??????????????? ????????? ??????????????? ?????????? ?????? ?????? ??????? ??????????????????? ????? ? 1097,"129327, ?. ??????, ??. ?????????, ?.18",??????-????????? ???????????????? ?????,???????????? ?????,???????????????,??????-????????? ???????? ?????????? ???????????,??????????????????? ??????????,??????? ??????????????????? ?????,471-15-61,sch1097sv.mskobr.ru,sch1097@mail.ru
301,32,??????????????? ????????? ??????????????? ?????????? ?????? ?????? ??????? ??????????????????? ????? ? 1098,"129343, ?. ??????, ??. ?????????, ?. 10, ????. 2",??????-????????? ???????????????? ?????,????? ????????,???????????????,??????-????????? ???????? ?????????? ???????????,??????????????????? ??????????,??????? ??????????????????? ?????,(499) 186-21-10; (499) 186-00-74; (499) 186-54-10; (499) 186-79-01; (499) 189-38-39; (499) 186-61-29,sch1098sv.mskobr.ru,Sch1098@yandex.ru
318,33,??????????????? ????????? ??????????????? ?????????? ?????? ?????? ??????? ??????????????????? ????? ? 1137,"129347, ?.??????, ??.?????????, ?.9",??????-????????? ???????????????? ?????,??????????? ?????,???????????????,??????-????????? ???????? ?????????? ???????????,??????????????????? ??????????,??????? ??????????????????? ?????,(499) 182-55-92,sch1137.svao.mskobr.ru,Sch1137m@yandex.ru
356,34,??????????????? ????????? ??????????????? ?????????? ?????? ?????? ??????? ??????????????????? ????? ? 139,"127349 ?. ??????, ?????????? ??????, ?. 4?",??????-????????? ???????????????? ?????,????? ????????,???????????????,??????-????????? ???????? ?????????? ???????????,??????????????????? ??????????,??????? ??????????????????? ?????,(499) 206-95-22; (499) 206-95-33; (499) 206-95-38; (499) 207-58-58,sch139sv.mskobr.ru,sch139m@yandex.ru
398,35,??????????????? ????????? ??????????????? ?????????? ?????? ?????? ??????? ??????????????????? ????? ? 180,"127560, ????? ??????, ????? ?????????, ?.8?",??????-????????? ???????????????? ?????,????? ????????,???????????????,??????-????????? ???????? ?????????? ???????????,??????????????????? ??????????,??????? ??????????????????? ?????,(499) 206-63-29,mskobr.ru/,shkola180@yandex.ru
432,36,??????????????? ????????? ??????????????? ?????????? ?????? ?????? ??????? ??????????????????? ????? ? 1956,"127521 ?. ??????, ??????????????? ?????, ?.5",??????-????????? ???????????????? ?????,????? ??????? ????,???????????????,??????-????????? ???????? ?????????? ???????????,??????????????????? ??????????,??????? ??????????????????? ?????,618-14-55,sch1956.svao.mskobr.ru,school-1956@yandex.ru
478,37,??????????????? ????????? ??????????????? ?????????? ?????? ?????? ??????? ??????????????????? ????? ? 2044,"127495 ?. ??????, ??????????? ?????, ??? 165?, ????. 8",??????-????????? ???????????????? ?????,????? ????????,???????????????,??????-????????? ???????? ?????????? ???????????,??????????????????? ??????????,??????? ??????????????????? ?????,(499) 761-01-34,sch2044sv.mskobr.ru,sch2044e@yandex.ru
520,38,??????????????? ????????? ??????????????? ?????????? ?????? ?????? ??????? ??????????????????? ????? ? 219,"127572, ?. ??????, ??. ????????????, ?.24, ?????? 1",??????-????????? ???????????????? ?????,????? ?????????,???????????????,??????-????????? ???????? ?????????? ???????????,??????????????????? ??????????,??????? ??????????????????? ?????,(499) 200-87-38,sch219sv.mskobr.ru,schooln219@yandex.ru
529,39,??????????????? ????????? ??????????????? ?????????? ?????? ?????? ??????? ??????????????????? ????? ? 230 ????? ?.?.???????????,"127322 ?. ??????, ??. ???????????, ?.9-?",??????-????????? ???????????????? ?????,????????? ?????,???????????????,??????-????????? ???????? ?????????? ???????????,??????????????????? ??????????,??????? ??????????????????? ?????,610-05-47,sch230sv.mskobr.ru,sch230-05@yandex.ru
531,40,??????????????? ????????? ??????????????? ?????????? ?????? ?????? ??????? ??????????????????? ????? ? 233,"127642, ?. ??????, ??. ?????????, ?. 3",??????-????????? ???????????????? ?????,????? ????? ??????????,???????????????,??????-????????? ???????? ?????????? ???????????,??????????????????? ??????????,??????? ??????????????????? ?????,479-30-76,sch233sv.mskobr.ru,school233svao@yandex.ru
534,41,??????????????? ????????? ??????????????? ?????????? ?????? ?????? ??????? ??????????????????? ????? ? 237 ????? ?.?. ??????,"127521 ?. ??????, ??. ???????????, ?. 81",??????-????????? ???????????????? ?????,????? ??????? ????,???????????????,??????-????????? ???????? ?????????? ???????????,??????????????????? ??????????,??????? ??????????????????? ?????,(499) 689-11-24,sch237sv.mskobr.ru,sch237@yandex.ru
535,42,??????????????? ????????? ??????????????? ?????????? ?????? ?????? ??????? ??????????????????? ????? ? 241,"127349, ????? ??????, ???????????? ?????, ??? 94",??????-????????? ???????????????? ?????,????? ????????,???????????????,??????-????????? ???????? ?????????? ???????????,??????????????????? ??????????,??????? ??????????????????? ?????,(499) 908-52-90,sch241sv.mskobr.ru,sch241@yandex.ru
537,43,??????????????? ????????? ??????????????? ?????????? ?????? ?????? ??????? ??????????????????? ????? ? 245,"127560, ????? ??????, ??. ?????????, ?. 10-?",??????-????????? ???????????????? ?????,????? ????????,???????????????,??????-????????? ???????? ?????????? ???????????,??????????????????? ??????????,??????? ??????????????????? ?????,(499) 207-89-32,sch245sv.mskobr.ru,sch245@yandex.ru
538,44,??????????????? ????????? ??????????????? ?????????? ?????? ?????? ??????? ??????????????????? ????? ? 246,"129343 ?. ??????, ??. ?????????, ?. 11, ????. 3",??????-????????? ???????????????? ?????,????? ????????,???????????????,??????-????????? ???????? ?????????? ???????????,??????????????????? ??????????,??????? ??????????????????? ?????,(499) 180-14-95,sch246sv.mskobr.ru,sch246@yandex.ru
539,45,??????????????? ????????? ??????????????? ?????????? ?????? ?????? ??????? ??????????????????? ????? ? 249,"127349, ????? ??????, ?????????? ??., ??? 8?",??????-????????? ???????????????? ?????,????? ????????,???????????????,??????-????????? ???????? ?????????? ???????????,??????????????????? ??????????,??????? ??????????????????? ?????,(499) 909-69-00; (499) 909-72-41,sch249sv.mskobr.ru,sch249@yandex.ru
541,46,??????????????? ????????? ??????????????? ?????????? ?????? ?????? ??????? ??????????????????? ????? ? 250,"127254, ?. ??????, ????????? ??., ??? 15 ?",??????-????????? ???????????????? ?????,????????? ?????,???????????????,??????-????????? ???????? ?????????? ???????????,??????????????????? ??????????,??????? ??????????????????? ?????,(495) 619-11-72; (495) 618-06-79; (495) 618-07-89,sch250sv.mskobr.ru/,school_250@mail.ru
543,47,??????????????? ????????? ??????????????? ?????????? ?????? ?????? ??????? ??????????????????? ????? ? 252,"127254 ?. ??????, ????? ???????????, ??? 14",??????-????????? ???????????????? ?????,????????? ?????,???????????????,??????-????????? ???????? ?????????? ???????????,??????????????????? ??????????,??????? ??????????????????? ?????,618-30-80,sch252sv.mskobr.ru,sch252@yandex.ru
544,48,??????????????? ????????? ??????????????? ?????????? ?????? ?????? ??????? ??????????????????? ????? ? 254,"127349, ?. ??????, ??. ???????, ?. 8?",??????-????????? ???????????????? ?????,????? ????????,???????????????,??????-????????? ???????? ?????????? ???????????,??????????????????? ??????????,??????? ??????????????????? ?????,(499) 909-80-38,sch254sv.mskobr.ru,sch254@yandex.ru
545,49,??????????????? ????????? ??????????????? ?????????? ?????? ?????? ??????? ??????????????????? ????? ? 255,"127549 ?. ??????, ??. ???????????, ?. 8?",??????-????????? ???????????????? ?????,????? ????????,???????????????,??????-????????? ???????? ?????????? ???????????,??????????????????? ??????????,??????? ??????????????????? ?????,407-91-88,sch255sv.mskobr.ru/,shk255q@yandex.ru
546,50,??????????????? ????????? ??????????????? ?????????? ?????? ?????? ??????? ??????????????????? ????? ? 258,"127490 ?. ??????, ???????? ???????, ?. 4 ?",??????-????????? ???????????????? ?????,????? ????????,???????????????,??????-????????? ???????? ?????????? ???????????,??????????????????? ??????????,??????? ??????????????????? ?????,(499) 204-87-75,pgym1627.svao.mskobr.ru,sch258@yandex.ru
547,51,??????????????? ????????? ??????????????? ?????????? ?????? ?????? ??????? ??????????????????? ????? ? 259,"127018, ?. ??????, ??. ???????, ?. 10",??????-????????? ???????????????? ?????,????? ??????? ????,???????????????,??????-????????? ???????? ?????????? ???????????,??????????????????? ??????????,??????? ??????????????????? ?????,(495) 689-51-33; (495) 689-81-36; (495) 689-75-65,sch259sv.mskobr.ru,sch259@yandex.ru
551,52,??????????????? ????????? ??????????????? ?????????? ?????? ?????? ??????? ??????????????????? ????? ? 263,"127273,?. ??????, ??. ????????, ?. 11 ?",??????-????????? ???????????????? ?????,????? ????????,???????????????,??????-????????? ???????? ?????????? ???????????,??????????????????? ??????????,??????? ??????????????????? ?????,(499) 904-04-77,sch263sv.mskobr.ru,school263@bk.ru
552,53,??????????????? ????????? ??????????????? ?????????? ?????? ?????? ??????? ??????????????????? ????? ? 267,"127566 ?. ??????, ??. ??????????, ?.23",??????-????????? ???????????????? ?????,????? ????????,???????????????,??????-????????? ???????? ?????????? ???????????,??????????????????? ??????????,??????? ??????????????????? ?????,404-15-09,sch267sv.mskobr.ru,Sch2672007@yandex.ru
555,54,??????????????? ????????? ??????????????? ?????????? ?????? ?????? ??????? ??????????????????? ????? ? 274,"127282, ?. ??????, ??. ??????????, ?.6",??????-????????? ???????????????? ?????,????? ???????? ??????????,???????????????,??????-????????? ???????? ?????????? ???????????,??????????????????? ??????????,??????? ??????????????????? ?????,(495) 476-76-80,sch274sv.mskobr.ru,school274@mail.ru
556,55,??????????????? ????????? ??????????????? ?????????? ?????? ?????? ??????? ??????????????????? ????? ? 276,"127224, ?. ??????, ?????? ???????????, ??? 63 ?",??????-????????? ???????????????? ?????,????? ???????? ??????????,???????????????,??????-????????? ???????? ?????????? ???????????,??????????????????? ??????????,??????? ??????????????????? ?????,(499) 479-35-89; (499) 479-35-72,sch276.svao.mskobr.ru,school276@yandex.ru
557,56,??????????????? ????????? ??????????????? ?????????? ?????? ?????? ??????? ??????????????????? ????? ? 277,"129301, ?. ??????, ??. ???????????, ?.5",??????-????????? ???????????????? ?????,???????????? ?????,???????????????,??????-????????? ???????? ?????????? ???????????,??????????????????? ??????????,??????? ??????????????????? ?????,683-82-71,sch277sv.mskobr.ru/,sch277@yandex.ru
558,57,??????????????? ????????? ??????????????? ?????????? ?????? ?????? ??????? ??????????????????? ????? ? 278,"127106 ?. ??????, ??. ???????????, ?. 8, ??? .1",??????-????????? ???????????????? ?????,????? ???????,???????????????,??????-????????? ???????? ?????????? ???????????,??????????????????? ??????????,??????? ??????????????????? ?????,482-58-60,sch278.svao.mskobr.ru,sch278@yandex.ru
559,58,??????????????? ????????? ??????????????? ?????????? ?????? ?????? ??????? ??????????????????? ????? ? 279 ????? ?.?. ????????????,"129366, ?. ??????, ???????? ????, ??? 128.",??????-????????? ???????????????? ?????,???????????? ?????,???????????????,??????-????????? ???????? ?????????? ???????????,??????????????????? ??????????,??????? ??????????????????? ?????,683-01-47,sch279sv.mskobr.ru,school279@mail.ru
560,59,??????????????? ????????? ??????????????? ?????????? ?????? ?????? ??????? ??????????????????? ????? ? 281,"129344 ????? ??????, ??. ????????, ??? 7",??????-????????? ???????????????? ?????,???????????? ?????,???????????????,??????-????????? ???????? ?????????? ???????????,??????????????????? ??????????,??????? ??????????????????? ?????,(495) 471-42-33,sch281sv.mskobr.ru/,sch-281@yandex.ru
562,60,??????????????? ????????? ??????????????? ?????????? ?????? ?????? ??????? ??????????????????? ????? ? 283,"127224, ?.??????, ??.???????, ?.21-?",??????-????????? ???????????????? ?????,????? ???????? ??????????,???????????????,??????-????????? ???????? ?????????? ???????????,??????????????????? ??????????,??????? ??????????????????? ?????,477-11-40,sch283sv.mskobr.ru,sch283@yandex.ru
563,61,??????????????? ????????? ??????????????? ?????????? ?????? ?????? ??????? ??????????????????? ????? ? 285 ????? ?.?.?????????,"127081 ?. ??????, ????? ??????, ?. 24, ????. 3",??????-????????? ???????????????? ?????,????? ????? ??????????,???????????????,??????-????????? ???????? ?????????? ???????????,??????????????????? ??????????,??????? ??????????????????? ?????,(495) 477-04-66,sch285sv.mskobr.ru,school285@yandex.ru
564,62,??????????????? ????????? ??????????????? ?????????? ?????? ?????? ??????? ??????????????????? ????? ? 289,"127081, ?. ??????, ????? ??????, ?. 10?",??????-????????? ???????????????? ?????,????? ????? ??????????,???????????????,??????-????????? ???????? ?????????? ???????????,??????????????????? ??????????,??????? ??????????????????? ?????,(495) 477-04-88,sch289sv.mskobr.ru,School289@yandex.ru
565,63,??????????????? ????????? ??????????????? ?????????? ?????? ?????? ??????? ??????????????????? ????? ? 290,"""127282, ?. ??????, ??. ???????, ?. 11 """"?""""""",??????-????????? ???????????????? ?????,????? ???????? ??????????,???????????????,??????-????????? ???????? ?????????? ???????????,??????????????????? ??????????,??????? ??????????????????? ?????,(499) 479-85-72,sch290sv.mskobr.ru,sch290@yandex.ru
566,64,??????????????? ????????? ??????????????? ?????????? ?????? ?????? ??????? ??????????????????? ????? ? 296,"127276 ?. ??????, ??. ?. ??????????, ?. 7",??????-????????? ???????????????? ?????,????? ???????,???????????????,??????-????????? ???????? ?????????? ???????????,??????????????????? ??????????,??????? ??????????????????? ?????,618-40-79,sch296.svao.mskobr.ru,school296m@mail.ru
567,65,??????????????? ????????? ??????????????? ?????????? ?????? ?????? ??????? ??????????????????? ????? ? 297,"129323, ?. ??????, 1-? ???????????? ??????, ??? 2",??????-????????? ???????????????? ?????,????? ????????,???????????????,??????-????????? ???????? ?????????? ???????????,??????????????????? ??????????,??????? ??????????????????? ?????,(499) 180-41-85; (499) 180-84-85; (495) 656-66-12; (499) 180-82-04; (499) 180-11-04; (495) 656-65-86,http://sch297sv.mskobr.ru,sch297@yandex.ru
568,66,??????????????? ????????? ??????????????? ?????????? ?????? ?????? ??????? ??????????????????? ????? ? 298,"129281 ?. ??????, ??. ??????????, ?. 13, ????. 3",??????-????????? ???????????????? ?????,???????????????? ?????,???????????????,??????-????????? ???????? ?????????? ???????????,??????????????????? ??????????,??????? ??????????????????? ?????,(499) 184-57-48; (499) 184-59-03,sch298sv.mskobr.ru,www.sch298@yandex.ru
569,67,??????????????? ????????? ??????????????? ?????????? ?????? ?????? ??????? ??????????????????? ????? ? 299,"129327, ?. ??????, ??. ???????, ?. 24",??????-????????? ???????????????? ?????,???????????? ?????,???????????????,??????-????????? ???????? ?????????? ???????????,??????????????????? ??????????,??????? ??????????????????? ?????,470-50-38,sch299sv.mskobr.ru/,school299@mail.ru
571,68,??????????????? ????????? ??????????????? ?????????? ?????? ?????? ??????? ??????????????????? ????? ? 301,"127549, ?. ??????, ???????????? ?., ?. 60 ""?""",??????-????????? ???????????????? ?????,???????????? ?????,???????????????,??????-????????? ???????? ?????????? ???????????,??????????????????? ??????????,??????? ??????????????????? ?????,902-46-77,sch301sv.mskobr.ru,school301@lianet.ru
572,69,??????????????? ????????? ??????????????? ?????????? ?????? ?????? ??????? ??????????????????? ????? ? 302,"127410, ?. ??????, ?????????? ?????, ??? 16",??????-????????? ???????????????? ?????,???????????? ?????,???????????????,??????-????????? ???????? ?????????? ???????????,??????????????????? ??????????,??????? ??????????????????? ?????,(499) 900-90-93; (499) 900-90-30; (499) 900-90-02,sch302sv.mskobr.ru,scool302@mail.ru
573,70,??????????????? ????????? ??????????????? ?????????? ?????? ?????? ??????? ??????????????????? ????? ? 304,"129515, ?. ??????, ??. ??????????, ?.5",??????-????????? ???????????????? ?????,???????????? ?????,???????????????,??????-????????? ???????? ?????????? ???????????,??????????????????? ??????????,??????? ??????????????????? ?????,683-39-01,sch304sv.mskobr.ru,shc304@yandex.ru
574,71,??????????????? ????????? ??????????????? ?????????? ?????? ?????? ??????? ??????????????????? ????? ? 305,"""127410, ?.??????, ??????? ??????, ??? 10 """"?""""""",??????-????????? ???????????????? ?????,???????????? ?????,???????????????,??????-????????? ???????? ?????????? ???????????,??????????????????? ??????????,??????? ??????????????????? ?????,(499) 901-03-20; (499) 901-72-11; (499) 901-72-00; (499) 901-00-18; (499) 901-72-09,sch305sv.mskobr.ru,shc305@yandex.ru
575,72,??????????????? ????????? ??????????????? ?????????? ?????? ?????? ??????? ??????????????????? ????? ? 307,"127221, ?. ??????, ?????? ???????????, ?. 11, ????. 2",??????-????????? ???????????????? ?????,????? ????? ??????????,???????????????,??????-????????? ???????? ?????????? ???????????,??????????????????? ??????????,??????? ??????????????????? ?????,477-11-33,sch307.svao.mskobr.ru,shkola307@mail.ru
576,73,??????????????? ????????? ??????????????? ?????????? ?????? ?????? ??????? ??????????????????? ????? ? 308,"129626 ????? ??????, ????? ????????????????, ??? 6",??????-????????? ???????????????? ?????,???????????? ?????,???????????????,??????-????????? ???????? ?????????? ???????????,??????????????????? ??????????,??????? ??????????????????? ?????,687-54-12,sch308sv.mskobr.ru,info@school308.ru
578,74,??????????????? ????????? ??????????????? ?????????? ?????? ?????? ??????? ??????????????????? ????? ? 311,"129281, ?. ??????, ????????? ??????, ??? 6",??????-????????? ???????????????? ?????,???????????? ?????,???????????????,??????-????????? ???????? ?????????? ???????????,??????????????????? ??????????,??????? ??????????????????? ?????,(495) 470-44-90; (495) 470-44-52,dskv1312.mskobr.ru,311school@mail.ru
587,75,??????????????? ????????? ??????????????? ?????????? ?????? ?????? ??????? ??????????????????? ????? ? 332,"127543, ?. ??????, ??. ??????????, ?. 52 ?",??????-????????? ???????????????? ?????,????? ????????,???????????????,??????-????????? ???????? ?????????? ???????????,??????????????????? ??????????,??????? ??????????????????? ?????,(499) 207-23-00,sch332sv.mskobr.ru,Sch332@yandex.ru
597,76,??????????????? ????????? ??????????????? ?????????? ?????? ?????? ??????? ??????????????????? ????? ? 352,"129128, ?. ??????, ??. ???????????, 15",??????-????????? ???????????????? ?????,????? ?????????,???????????????,??????-????????? ???????? ?????????? ???????????,??????????????????? ??????????,??????? ??????????????????? ?????,(499) 181-02-12; (199) 181-27-94,ds1419.mskobr.ru,sch352@yandex.ru
688,77,??????????????? ????????? ??????????????? ?????????? ?????? ?????? ??????? ??????????????????? ????? ? 529,"129345, ?. ??????, ??. 2-?? ?????????, ??? 17?",??????-????????? ???????????????? ?????,???????????????? ?????,???????????????,??????-????????? ???????? ?????????? ???????????,??????????????????? ??????????,??????? ??????????????????? ?????,(499) 184-29-09; (499) 184-19-18; (499) 184-19-22,sch529sv.mskobr.ru,sch529@yandex.ru
768,78,??????????????? ????????? ??????????????? ?????????? ?????? ?????? ??????? ??????????????????? ????? ? 709,127204 ?. ?????? 9-? ???????? ????? ???1 ??????2,??????-????????? ???????????????? ?????,????? ????????,???????????????,??????-????????? ???????? ?????????? ???????????,??????????????????? ??????????,??????? ??????????????????? ?????,(499) 767-60-11,,Sch709@yandex.ru
795,79,??????????????? ????????? ??????????????? ?????????? ?????? ?????? ??????? ??????????????????? ????? ? 750,"129337, ?. ??????, ??. ?????????, ?. 8",??????-????????? ???????????????? ?????,??????????? ?????,???????????????,??????-????????? ???????? ?????????? ???????????,??????????????????? ??????????,??????? ??????????????????? ?????,(499) 182-78-87,sch750.svao.mskobr.ru,sch750@yandex.ru
796,80,??????????????? ????????? ??????????????? ?????????? ?????? ?????? ??????? ??????????????????? ????? ? 751,"129336, ?. ??????, ??. ??????????, ?. 3",??????-????????? ???????????????? ?????,???????????????? ?????,???????????????,??????-????????? ???????? ?????????? ???????????,??????????????????? ??????????,??????? ??????????????????? ?????,474-93-69,sch751.svao.mskobr.ru/,sch751@yandex.ru
797,81,??????????????? ????????? ??????????????? ?????????? ?????? ?????? ??????? ??????????????????? ????? ? 752,"129337, ?. ??????, ??????????? ?????, ??? 8, ?????? 7",??????-????????? ???????????????? ?????,??????????? ?????,???????????????,??????-????????? ???????? ?????????? ???????????,??????????????????? ??????????,??????? ??????????????????? ?????,656-15-49,sch752sv.mskobr.ru/,sch752@yandex.ru
798,82,??????????????? ????????? ??????????????? ?????????? ?????? ?????? ??????? ??????????????????? ????? ? 753,"127224, ?. ??????, ??. ???????, ?.20",??????-????????? ???????????????? ?????,????? ???????? ??????????,???????????????,??????-????????? ???????? ?????????? ???????????,??????????????????? ??????????,??????? ??????????????????? ?????,(495) 478-69-15,sch753.svao.mskobr.ru,sch753@yandex.ru
799,83,??????????????? ????????? ??????????????? ?????????? ?????? ?????? ??????? ??????????????????? ????? ? 755,"127560, ?. ??????, ????? ????????, ??? 26 ?",??????-????????? ???????????????? ?????,????? ????????,???????????????,??????-????????? ???????? ?????????? ???????????,??????????????????? ??????????,??????? ??????????????????? ?????,(499) 902-76-90,sch755sv.mskobr.ru/,school755@yandex.ru
800,84,??????????????? ????????? ??????????????? ?????????? ?????? ?????? ??????? ??????????????????? ????? ? 756,"127224, ?. ??????, ??. ???????, ??? 11 ?",??????-????????? ???????????????? ?????,????? ???????? ??????????,???????????????,??????-????????? ???????? ?????????? ???????????,??????????????????? ??????????,??????? ??????????????????? ?????,(499) 478-10-89; (499) 479-25-01,sch756sv.mskobr.ru,school-756@yandex.ru
801,85,??????????????? ????????? ??????????????? ?????????? ?????? ?????? ??????? ??????????????????? ????? ? 757,"129281, ?. ??????, ??. ???????????, ?. 30",??????-????????? ???????????????? ?????,???????????? ?????,???????????????,??????-????????? ???????? ?????????? ???????????,??????????????????? ??????????,??????? ??????????????????? ?????,471-79-10,sch757sv.mskobr.ru,sch757@yandex.ru
802,86,??????????????? ????????? ??????????????? ?????????? ?????? ?????? ??????? ??????????????????? ????? ? 758,"127349 ?. ??????, ??. ???????, ?. 3, ????. 3",??????-????????? ???????????????? ?????,????? ????????,???????????????,??????-????????? ???????? ?????????? ???????????,??????????????????? ??????????,??????? ??????????????????? ?????,908-39-23,sch758sv.mskobr.ru,sch758@yandex.ru
803,87,??????????????? ????????? ??????????????? ?????????? ?????? ?????? ??????? ??????????????????? ????? ? 760 ????? ?.?. ?????????,"129347 ?. ??????, ??????????? ?., ?. 147",??????-????????? ???????????????? ?????,??????????? ?????,???????????????,??????-????????? ???????? ?????????? ???????????,??????????????????? ??????????,??????? ??????????????????? ?????,(499) 182-66-19,sch760sv.mskobr.ru,school760@mail.ru
804,88,??????????????? ????????? ??????????????? ?????????? ?????? ?????? ??????? ??????????????????? ????? ? 761,"127566, ?. ??????, ??. ??????????, ?. 1",??????-????????? ???????????????? ?????,????? ????????,???????????????,??????-????????? ???????? ?????????? ???????????,??????????????????? ??????????,??????? ??????????????????? ?????,(499) 903-55-00; (499) 903-55-08,sch761.svao.mskobr.ru,Sch761@yandex.ru
805,89,??????????????? ????????? ??????????????? ?????????? ?????? ?????? ??????? ??????????????????? ????? ? 762,"129346, ?. ??????, ??. ??????????, ?. 4",??????-????????? ???????????????? ?????,???????????????? ?????,???????????????,??????-????????? ???????? ?????????? ???????????,??????????????????? ??????????,??????? ??????????????????? ?????,474-79-24,sch762sv.mskobr.ru,sch762@yandex.ru
806,90,??????????????? ????????? ??????????????? ?????????? ?????? ?????? ??????? ??????????????????? ????? ? 763,"129336, ?. ??????, ??. ?????????, ?. 27, ????. 3",??????-????????? ???????????????? ?????,???????????????? ?????,???????????????,??????-????????? ???????? ?????????? ???????????,??????????????????? ??????????,??????? ??????????????????? ?????,(495) 474-90-60,sch763.svao.mskobr.ru,sch763@yandex.ru
887,91,??????????????? ????????? ??????????????? ?????????? ?????? ?????? ??????? ??????????????????? ????? ? 910,"129327, ?. ??????, ????? ???????, ???  6",??????-????????? ???????????????? ?????,???????????? ?????,???????????????,??????-????????? ???????? ?????????? ???????????,??????????????????? ??????????,??????? ??????????????????? ?????,471-12-36,sch910sv.mskobr.ru/,svaosch910@yandex.ru
912,92,??????????????? ????????? ??????????????? ?????????? ?????? ?????? ??????? ??????????????????? ????? ? 950,"127273, ????? ??????, ????? ????????, ??? 1 ?",??????-????????? ???????????????? ?????,????? ????????,???????????????,??????-????????? ???????? ?????????? ???????????,??????????????????? ??????????,??????? ??????????????????? ?????,(499) 204-03-06,schu950sv.mskobr.ru,sch950@mail.ru
913,93,??????????????? ????????? ??????????????? ?????????? ?????? ?????? ??????? ??????????????????? ????? ? 951,,??????-????????? ???????????????? ?????,????? ???????? ??????????,???????????????,??????-????????? ???????? ?????????? ???????????,??????????????????? ??????????,??????? ??????????????????? ?????,475-09-00,,sch951@yandex.ru
914,94,??????????????? ????????? ??????????????? ?????????? ?????? ?????? ??????? ??????????????????? ????? ? 952,"127562 ?. ??????, ??. ???????????, ??? 8, ??????. 4",??????-????????? ???????????????? ?????,????? ????????,???????????????,??????-????????? ???????? ?????????? ???????????,??????????????????? ??????????,??????? ??????????????????? ?????,(499) 907-97-66,sch952.svao.mskobr.ru/,sch952m@yandex.ru
915,95,??????????????? ????????? ??????????????? ?????????? ?????? ?????? ??????? ??????????????????? ????? ? 954,"127543, ?. ??????, ??. ??????????, ?. 37?",??????-????????? ???????????????? ?????,????? ????????,???????????????,??????-????????? ???????? ?????????? ???????????,??????????????????? ??????????,??????? ??????????????????? ?????,406-62-00,sch954sv.mskobr.ru,Sch954@yandex.ru
916,96,??????????????? ????????? ??????????????? ?????????? ?????? ?????? ??????? ??????????????????? ????? ? 956,"127642, ?.??????, ????? ??????????, ??? 22",??????-????????? ???????????????? ?????,????? ????? ??????????,???????????????,??????-????????? ???????? ?????????? ???????????,??????????????????? ??????????,??????? ??????????????????? ?????,186-38-92,sch956sv.mskobr.ru/,sch956@yandex.ru
917,97,??????????????? ????????? ??????????????? ?????????? ?????? ?????? ??????? ??????????????????? ????? ? 958,"127566, ?.??????, ???????? ???????, ??? 11",??????-????????? ???????????????? ?????,????? ????????,???????????????,??????-????????? ???????? ?????????? ???????????,??????????????????? ??????????,??????? ??????????????????? ?????,404-09-90,sch958sv.mskobr.ru,school958@yandex.ru
919,98,??????????????? ????????? ??????????????? ?????????? ?????? ?????? ??????? ??????????????????? ????? ? 960,"127560, ?. ??????, ??. ?????????, ?. 4 ?",??????-????????? ???????????????? ?????,????? ????????,???????????????,??????-????????? ???????? ?????????? ???????????,??????????????????? ??????????,??????? ??????????????????? ?????,407-12-22,sch960.svao.mskobr.ru/,Sch960@yandex.ru
920,99,??????????????? ????????? ??????????????? ?????????? ?????? ?????? ??????? ??????????????????? ????? ? 961,"127549, ?. ??????, ??. ???????????, ?.5",??????-????????? ???????????????? ?????,???????????? ?????,???????????????,??????-????????? ???????? ?????????? ???????????,??????????????????? ??????????,??????? ??????????????????? ?????,902-94-65,sch961sv.mskobr.ru,Gou961@yandex.ru
921,100,??????????????? ????????? ??????????????? ?????????? ?????? ?????? ??????? ??????????????????? ????? ? 962,"127562, ?. ??????, ??. ?????????, ?.3, ????.3.",??????-????????? ???????????????? ?????,????? ????????,???????????????,??????-????????? ???????? ?????????? ???????????,??????????????????? ??????????,??????? ??????????????????? ?????,(499) 903-69-32,schu962sv.mskobr.ru,962@bk.ru
922,101,??????????????? ????????? ??????????????? ?????????? ?????? ?????? ??????? ??????????????????? ????? ? 963,"127322 ?.??????,??.?????????, ?.35 ?",??????-????????? ???????????????? ?????,????????? ?????,???????????????,??????-????????? ???????? ?????????? ???????????,??????????????????? ??????????,??????? ??????????????????? ?????,979-36-60,sch963sv.mskobr.ru,Sch-963@yandex.ru
923,102,??????????????? ????????? ??????????????? ?????????? ?????? ?????? ??????? ??????????????????? ????? ? 964,"127543, ?. ??????, ??. ???????????, ?. 13",??????-????????? ???????????????? ?????,????? ????????,???????????????,??????-????????? ???????? ?????????? ???????????,??????????????????? ??????????,??????? ??????????????????? ?????,406-16-01,sch964sv.mskobr.ru,sch964@yandex.ru
924,103,??????????????? ????????? ??????????????? ?????????? ?????? ?????? ??????? ??????????????????? ????? ? 966,"127273, ?.??????, ??.???????????, ?.40",??????-????????? ???????????????? ?????,????? ????????,???????????????,??????-????????? ???????? ?????????? ???????????,??????????????????? ??????????,??????? ??????????????????? ?????,(499) 907-97-74,sch966sv.mskobr.ru,sch966@yandex.ru
925,104,??????????????? ????????? ??????????????? ?????????? ?????? ?????? ??????? ??????????????????? ????? ? 967,"127642, ?. ??????, ????????? ??., ?.13",??????-????????? ???????????????? ?????,????? ???????? ??????????,???????????????,??????-????????? ???????? ?????????? ???????????,??????????????????? ??????????,??????? ??????????????????? ?????,472-07-55,sch967sv.mskobr.ru,sch967@yandex.ru
926,105,??????????????? ????????? ??????????????? ?????????? ?????? ?????? ??????? ??????????????????? ????? ? 968,"127322, ?.??????, ??.???????????, ?.10?",??????-????????? ???????????????? ?????,????????? ?????,???????????????,??????-????????? ???????? ?????????? ???????????,??????????????????? ??????????,??????? ??????????????????? ?????,639-51-21,sch968sv.mskobr.ru,school-968@yandex.ru
927,106,??????????????? ????????? ??????????????? ?????????? ?????? ?????? ??????? ??????????????????? ????? ? 969,"127490, ????? ??????, ????? ???????, ??? 8?",??????-????????? ???????????????? ?????,????? ????????,???????????????,??????-????????? ???????? ?????????? ???????????,??????????????????? ??????????,??????? ??????????????????? ?????,402-63-41,sch969.svao.mskobr.ru,school_969@mail.ru
963,107,??????????????? ????????? ??????????????? ?????????? ?????? ?????? ??????? ??????????????????? ????? ? ??????????? ????????? ??????????? ? ????????? ?????? ? 1955,"129345, ?. ??????, ????? ??????????, ??? 15, ?????? 3",??????-????????? ???????????????? ?????,???????????????? ?????,???????????????,??????-????????? ???????? ?????????? ???????????,??????????????????? ??????????,??????? ??????????????????? ????? ? ??????????? ????????? ????????? ?????????,(499) 185-18-42,schu1955sv.mskobr.ru,school-1955@yandex.ru
966,108,??????????????? ????????? ??????????????? ?????????? ?????? ?????? ??????? ??????????????????? ????? ? ??????????? ????????? ??????????? ????? ? 1201,"129626 ?. ??????, ??. ????? ?????????, ?.13, ???????? 1.",??????-????????? ???????????????? ?????,???????????? ?????,???????????????,??????-????????? ???????? ?????????? ???????????,??????????????????? ??????????,??????? ??????????????????? ????? ? ??????????? ????????? ????????? ?????????,(495) 683-53-28; (495) 682-71-69; (495) 682-50-91; (495) 682-51-00,schu1201sv.mskobr.ru,Scl1201@yandex.ru
1011,109,??????????????? ????????? ??????????????? ?????????? ?????? ?????? ??????? ??????????????????? ????? ? ??????????? ????????? ??????????? ????? ? 1370,"""127549 ?.??????, ??. ???????????, ?. 14 """"?"""", ???. 1, ???. 2""",??????-????????? ???????????????? ?????,???????????? ?????,???????????????,??????-????????? ???????? ?????????? ???????????,??????????????????? ??????????,??????? ??????????????????? ????? ? ??????????? ????????? ????????? ?????????,901-21-22,schu1370.svao.mskobr.ru,School1370@yandex.ru
1013,110,??????????????? ????????? ??????????????? ?????????? ?????? ?????? ??????? ??????????????????? ????? ? ??????????? ????????? ??????????? ????? ? 1374,"129337 ?. ??????, ??. ????????????, ?. 4",??????-????????? ???????????????? ?????,??????????? ?????,???????????????,??????-????????? ???????? ?????????? ???????????,??????????????????? ??????????,??????? ??????????????????? ????? ? ??????????? ????????? ????????? ?????????,(499) 183-01-56; (499) 183-05-05,schu1374.svao.mskobr.ru,sch754@yandex.ru
1015,111,??????????????? ????????? ??????????????? ?????????? ?????? ?????? ??????? ??????????????????? ????? ? ??????????? ????????? ??????????? ????? ? 1378,"127495, ????? ??????, ?????????????? ?????, ??? 2",??????-????????? ???????????????? ?????,????? ????????,???????????????,??????-????????? ???????? ?????????? ???????????,??????????????????? ??????????,??????? ??????????????????? ????? ? ??????????? ????????? ????????? ?????????,(499) 761-06-10,schu1378.svao.mskobr.ru/,school1378@rambler.ru
1016,112,??????????????? ????????? ??????????????? ?????????? ?????? ?????? ??????? ??????????????????? ????? ? ??????????? ????????? ??????????? ????? ? 1380,"127282, ?. ??????, ????? ??????????, ??? 10",??????-????????? ???????????????? ?????,????? ???????? ??????????,???????????????,??????-????????? ???????? ?????????? ???????????,??????????????????? ??????????,??????? ??????????????????? ????? ? ??????????? ????????? ????????? ?????????,(499) 478-18-73; (499) 478-18-02,schu1380.svao.mskobr.ru,school1380@mail.ru
1017,113,??????????????? ????????? ??????????????? ?????????? ?????? ?????? ??????? ??????????????????? ????? ? ??????????? ????????? ??????????? ????? ? 1381,"129346 ?. ??????, ???????? ??????, ??? 2",??????-????????? ???????????????? ?????,???????????????? ?????,???????????????,??????-????????? ???????? ?????????? ???????????,??????????????????? ??????????,??????? ??????????????????? ????? ? ??????????? ????????? ????????? ?????????,(499) 184-59-60,schu1381.svao.mskobr.ru,sch1381@yandex.ru
1021,114,??????????????? ????????? ??????????????? ?????????? ?????? ?????? ??????? ??????????????????? ????? ? ??????????? ????????? ??????????? ????? ? 1411,"127566, ?. ??????, ???????? ???????, ?. 1 ?",??????-????????? ???????????????? ?????,????? ????????,???????????????,??????-????????? ???????? ?????????? ???????????,??????????????????? ??????????,??????? ??????????????????? ????? ? ??????????? ????????? ????????? ?????????,404-43-11,schu1411sv.mskobr.ru,school1411@mail.ru
1022,115,??????????????? ????????? ??????????????? ?????????? ?????? ?????? ??????? ??????????????????? ????? ? ??????????? ????????? ??????????? ????? ? 1413,"127543, ????? ??????, ??????????? ?????, ??? 15",??????-????????? ???????????????? ?????,????? ????????,???????????????,??????-????????? ???????? ?????????? ???????????,??????????????????? ??????????,??????? ??????????????????? ????? ? ??????????? ????????? ????????? ?????????,(499) 206-33-47,schu1413sv.mskobr.ru,sch1413@yandex.ru
1023,116,??????????????? ????????? ??????????????? ?????????? ?????? ?????? ??????? ??????????????????? ????? ? ??????????? ????????? ??????????? ????? ? 1414,"127018, ?. ??????, ??. ????????? ?????, ?. 9",??????-????????? ???????????????? ?????,????? ??????? ????,???????????????,??????-????????? ???????? ?????????? ???????????,??????????????????? ??????????,??????? ??????????????????? ????? ? ??????????? ????????? ????????? ?????????,689-02-98,schu1414sv.mskobr.ru,sch1414@yandex.ru
1024,117,??????????????? ????????? ??????????????? ?????????? ?????? ?????? ??????? ??????????????????? ????? ? ??????????? ????????? ??????????? ????? ? 1415,"129515, ?. ??????, 1-? ???????????? ?????, ??? 29",??????-????????? ???????????????? ?????,???????????? ?????,???????????????,??????-????????? ???????? ?????????? ???????????,??????????????????? ??????????,??????? ??????????????????? ????? ? ??????????? ????????? ????????? ?????????,602-20-41,schu1415.svao.mskobr.ru,school1415@mail.ru
1025,118,??????????????? ????????? ??????????????? ?????????? ?????? ?????? ??????? ??????????????????? ????? ? ??????????? ????????? ??????????? ????? ? 1416,"127576 ?. ??????, ??. ????????????, ?. 8",??????-????????? ???????????????? ?????,????? ?????????,???????????????,??????-????????? ???????? ?????????? ???????????,??????????????????? ??????????,??????? ??????????????????? ????? ? ??????????? ????????? ????????? ?????????,(499) 209-42-29,schu1416sv.mskobr.ru,Sch1416@yandex.ru
1031,119,??????????????? ????????? ??????????????? ?????????? ?????? ?????? ??????? ??????????????????? ????? ? ??????????? ????????? ???????????????? ????????? ? 1188,"129346, ?.??????, ??. 1-? ?????????, ?.13",??????-????????? ???????????????? ?????,???????????????? ?????,???????????????,??????-????????? ???????? ?????????? ???????????,??????????????????? ??????????,??????? ??????????????????? ????? ? ??????????? ????????? ????????? ?????????,(495) 475-89-46; (495) 475-64-08; (499) 760-49-34,schu1188sv.mskobr.ru/,school1188@gmail.com
1039,120,??????????????? ????????? ??????????????? ?????????? ?????? ?????? ??????? ??????????????????? ????? ? ??????????? ????????? ???????????? ????? ? 1236,"127254, ?. ??????, ??. ?????????, ??? 10",??????-????????? ???????????????? ?????,????????? ?????,???????????????,??????-????????? ???????? ?????????? ???????????,??????????????????? ??????????,??????? ??????????????????? ????? ? ??????????? ????????? ????????? ?????????,639-05-05,schu1236sv.mskobr.ru,sch1236@yandex.ru
1047,121,??????????????? ????????? ??????????????? ?????????? ?????? ?????? ??????? ??????????????????? ????? ? ??????????? ????????? ??????????? ?????? ? 1220,"129075, ?. ??????, ??????????? ??., ?. 12, ????. 2, ???. 1, 2, 3",??????-????????? ???????????????? ?????,???????????? ?????,???????????????,??????-????????? ???????? ?????????? ???????????,??????????????????? ??????????,??????? ??????????????????? ????? ? ??????????? ????????? ????????? ?????????,(495) 683-09-08,schu1220.svao.mskobr.ru,Sch1220@yandex.ru
1057,122,??????????????? ????????? ??????????????? ?????????? ?????? ?????? ??????? ??????????????????? ????? ? ??????????? ????????? ??????????? ?????? ? 1412,"127549 ?. ??????, ??. ???????????, ?. 4 ?",??????-????????? ???????????????? ?????,????? ????????,???????????????,??????-????????? ???????? ?????????? ???????????,??????????????????? ??????????,??????? ??????????????????? ????? ? ??????????? ????????? ????????? ?????????,407-05-30,http://schu1412sv.mskobr.ru/,sch1412-1@yandex.ru
1064,123,??????????????? ????????? ??????????????? ?????????? ?????? ?????? ??????? ??????????????????? ????? ? ??????????? ????????? ?????????? ????? ? 1237 ????? ????? ??????,"127221, ????? ??????, ?????? ???????????, ??? 11, ?????? 3",??????-????????? ???????????????? ?????,????? ????? ??????????,???????????????,??????-????????? ???????? ?????????? ???????????,??????????????????? ??????????,??????? ??????????????????? ????? ? ??????????? ????????? ????????? ?????????,(495) 477-11-55; (495) 477-02-40; (495) 477-00-00; (495) 477-81-02,schu1237sv.mskobr.ru,sch1237@mail.ru
1085,124,"??????????????? ????????? ??????????????? ?????????? ?????? ?????? ??????? ??????????????????? ????? ? ??????????? ????????? ??????? ?????? ""?????????"" ? 242","129594, ?. ??????, 1-? ?????? ???????? ????, ?. 3?",??????-????????? ???????????????? ?????,????? ??????? ????,???????????????,??????-????????? ???????? ?????????? ???????????,??????????????????? ??????????,??????? ??????????????????? ?????,631-17-06,,sch242@yandex.ru
1105,125,??????????????? ????????? ??????????????? ?????????? ?????? ?????? ??????? ??????????????????? ????? ? ??????????? ????????? ???????????? ????? ? 1095,"129281, ?. ??????, ??. ??????????, ?. 32, ?????? 3",??????-????????? ???????????????? ?????,???????????? ?????,???????????????,??????-????????? ???????? ?????????? ???????????,??????????????????? ??????????,??????? ??????????????????? ????? ? ??????????? ????????? ????????? ?????????,(495) 470-91-55; (495) 470-89-32,schi1095.svao.mskobr.ru/,sch1095@yandex.ru
1118,126,??????????????? ????????? ??????????????? ?????????? ?????? ?????? ??????? ??????????????????? ????? ? ??????????? ????????? ????????? ? 240,"127490, ????? ??????, ????? ???????????, ??? 11 ?",??????-????????? ???????????????? ?????,????? ????????,???????????????,??????-????????? ???????? ?????????? ???????????,??????????????????? ??????????,??????? ??????????????????? ????? ? ??????????? ????????? ????????? ?????????,(499) 203-39-09; (499) 203-39-66,sch240sv.mskobr.ru,sch240@yandex.ru
1135,127,??????????????? ????????? ??????????????? ?????????? ?????? ?????? ??????? ??????????????????? ????? ? ?????????????? ??????? ??????????? ??????????? ? 1316,"127221, ?. ??????, ????? ?????????, ??? 4, ???????? 1",??????-????????? ???????????????? ?????,????? ???????? ??????????,???????????????,??????-????????? ???????? ?????????? ???????????,??????????????????? ??????????,??????? ??????????????????? ????? ? ?????????????? (????????????) ??????????? ???????????,(495) 477-00-72; (495) 477-31-10; (495) 477-45-41,schn1316.svao.mskobr..ru,schn1316@mail.ru
1167,128,??????????????? ????????? ??????????????? ?????????? ?????? ?????? ????? ??????????? ? 1430,"127572, ?.??????, ??.????????????, ?.21?",??????-????????? ???????????????? ?????,????? ?????????,???????????????,??????-????????? ???????? ?????????? ???????????,??????????????????? ??????????,????? ???????????,(499) 200-14-00,co1430.svao.mskobr.ru/,co1430@yandex.ru
1176,129,??????????????? ????????? ??????????????? ?????????? ?????? ?????? ????? ??????????? ? 1444,"129336 ?.??????, ?????????? ??????, ??? 51",??????-????????? ???????????????? ?????,???????????????? ?????,???????????????,??????-????????? ???????? ?????????? ???????????,??????????????????? ??????????,????? ???????????,474-61-11,co1444sv.mskobr.ru,centeduc1444@yandex.ru
1180,130,??????????????? ????????? ??????????????? ?????????? ?????? ?????? ????? ??????????? ? 1449,"127576, ????? ??????, ????? ?????????, ??? 6 ?",??????-????????? ???????????????? ?????,????? ?????????,???????????????,??????-????????? ???????? ?????????? ???????????,??????????????????? ??????????,????? ???????????,400-62-90,co1449sv.mskobr.ru,Centredu1449@yandex.ru
1186,131,??????????????? ????????? ??????????????? ?????????? ?????? ?????? ????? ??????????? ? 1459,"127273, ?. ??????, ??. ????????, ?. 11?",??????-????????? ???????????????? ?????,????? ????????,???????????????,??????-????????? ???????? ?????????? ???????????,??????????????????? ??????????,????? ???????????,404-87-31,co1459.svao.mskobr.ru/,mosschool959@yandex.ru
1189,132,??????????????? ????????? ??????????????? ?????????? ?????? ?????? ????? ??????????? ? 1464,"129626, ?. ??????, ????? ????? ?????????, ??? 1-?",??????-????????? ???????????????? ?????,???????????? ?????,???????????????,??????-????????? ???????? ?????????? ???????????,??????????????????? ??????????,????? ???????????,(495) 682-44-38; (495) 686-19-87,co1464sv.mskobr.ru,co1464@yandex.ru
1193,133,??????????????? ????????? ??????????????? ?????????? ?????? ?????? ????? ??????????? ? 1470,"129164, ?. ??????, ??. ??????????????, ?.7",??????-????????? ???????????????? ?????,???????????? ?????,???????????????,??????-????????? ???????? ?????????? ???????????,??????????????????? ??????????,????? ???????????,(495) 683-11-16,??1470sv.mskobr.ru,co1470@yandex.ru
1202,134,??????????????? ????????? ??????????????? ?????????? ?????? ?????? ????? ??????????? ? 1482,"127081 ?. ??????, ??. ??????????, ?. 12",??????-????????? ???????????????? ?????,????? ????? ??????????,???????????????,??????-????????? ???????? ?????????? ???????????,??????????????????? ??????????,????? ???????????,(499) 477-34-59; (499) 477-54-43; (499) 477-04-60; (499) 477-62-50,co1482.svao.mskobr.ru,co1482@yandex.ru
1205,135,??????????????? ????????? ??????????????? ?????????? ?????? ?????? ????? ??????????? ? 1486,"127562 ?.??????. ???????????? ?????, ?.12, ?????? 1",??????-????????? ???????????????? ?????,????? ????????,???????????????,??????-????????? ???????? ?????????? ???????????,??????????????????? ??????????,????? ???????????,(499) 201-81-00; (499) 201-28-86,co1486.svao.mskobr.ru,sch286@yandex.ru
1208,136,??????????????? ????????? ??????????????? ?????????? ?????? ?????? ????? ??????????? ? 1490,"127253 ?. ??????, ??. ?????????, ??? 12, ?????? 3",??????-????????? ???????????????? ?????,????? ?????????,???????????????,??????-????????? ???????? ?????????? ???????????,??????????????????? ??????????,????? ???????????,400-76-00,co1490sv.mskobr.ru,co1490-svuo@yandex.ru
1209,137,??????????????? ????????? ??????????????? ?????????? ?????? ?????? ????? ??????????? ? 1491,"127562, ????? ??????, ?????  ?????????????, ??? 13, ?????? 2",??????-????????? ???????????????? ?????,????? ????????,???????????????,??????-????????? ???????? ?????????? ???????????,??????????????????? ??????????,????? ???????????,(499) 903-77-32,co1491sv.mskobr.ru,sch971@yandex.ru
1210,138,??????????????? ????????? ??????????????? ?????????? ?????? ?????? ????? ??????????? ? 1494,"127427, ?????  ??????, ????? ????????????, ??? 9?",??????-????????? ???????????????? ?????,????? ???????,???????????????,??????-????????? ???????? ?????????? ???????????,??????????????????? ??????????,????? ???????????,(499) 975-06-08; (499) 975-06-09,co1494sv.mskobr.ru/,School_247@bk.ru
1213,139,??????????????? ????????? ??????????????? ?????????? ?????? ?????? ????? ??????????? ? 1499,"129128 ?. ??????, ??. ????????????, ?.3",??????-????????? ???????????????? ?????,????? ?????????,???????????????,??????-????????? ???????? ?????????? ???????????,??????????????????? ??????????,????? ???????????,(499) 181-04-47,co1499sv.mskobr.ru,sch1499@yandex.ru
1220,140,??????????????? ????????? ??????????????? ?????????? ?????? ?????? ????? ??????????? ? 166,"127572 ?. ??????, ???????????? ?????, ??? 97, ?????? 3",??????-????????? ???????????????? ?????,????? ?????????,???????????????,??????-????????? ???????? ?????????? ???????????,??????????????????? ??????????,????? ???????????,(499) 200-06-15; (499) 200-52-70,co166sv.mskobr.ru,sch166m@yandex.ru
1223,141,??????????????? ????????? ??????????????? ?????????? ?????? ?????? ????? ??????????? ? 1682,"127543 ?. ??????, ??. ???????????, ?.7",??????-????????? ???????????????? ?????,????? ????????,???????????????,??????-????????? ???????? ?????????? ???????????,??????????????????? ??????????,????? ???????????,(499) 206-64-77; (499) 206-45-50; (499) 206-82-00; (499) 206-82-01,co1682sv.mskobr.ru,Sch-1682@yandex.ru
1248,142,??????????????? ????????? ??????????????? ?????????? ?????? ?????? ????? ??????????? ? 264,"127273 ?. ??????, ??. ?????????, ?.13",??????-????????? ???????????????? ?????,????? ????????,???????????????,??????-????????? ???????? ?????????? ???????????,??????????????????? ??????????,????? ???????????,402-17-40,co264sv.mskobr.ru,sch-co264@yandex.ru
1249,143,??????????????? ????????? ??????????????? ?????????? ?????? ?????? ????? ??????????? ? 293,"129301, ?. ??????, ??. ???????????, ?. 27",??????-????????? ???????????????? ?????,???????????? ?????,???????????????,??????-????????? ???????? ?????????? ???????????,??????????????????? ??????????,????? ???????????,(495) 683-45-70,co293sv.mskobr.ru,"Sch293@yandex.ru, vmoisto@mail.ru"
1266,144,??????????????? ????????? ??????????????? ?????????? ?????? ?????? ????? ??????????? ? 953,"127349, ????? ??????, ?????????? ??????, ??? 15",??????-????????? ???????????????? ?????,????? ????????,???????????????,??????-????????? ???????? ?????????? ???????????,??????????????????? ??????????,????? ???????????,(499) 909-18-92,co953sv.mskobr.ru,sch953@mail.ru
1269,145,??????????????? ????????? ??????????????? ?????????? ?????? ?????? ????? ??????????? ?1446,"127549 ?. ??????, ??????????? ?????, ??? 14, ?????? 1",??????-????????? ???????????????? ?????,???????????? ?????,???????????????,??????-????????? ???????? ?????????? ???????????,??????????????????? ??????????,????? ???????????,(499) 902-22-27,co1446sv.mskobr.ru,schol164@yandex.ru
1290,146,????????????????? ??????? ??????????????????? ????? ?????,,??????-????????? ???????????????? ?????,???????????? ?????,?????????????????,?????????????????,??????????????????? ??????????,??????? ??????????????????? ?????,"(495) 615-00-03,(495) 616-99-06",,info@venda.ru
1314,147,"????????????????? ??????????????? ?????????? ??????????????????? ??????? ????? ""?????-?""",,??????-????????? ???????????????? ?????,????? ????? ??????????,?????????????????,?????????????????,??????????????????? ??????????,??????? ??????????????????? ?????,"(499) 186-56-01,(495) 472-28-44",nourazuml.mskobr.ru,razuml@list.ru
1355,148,????????????????? ??????????????? ??????? ?????????? «??????????????????? ???????????? ????? ? ??????? ???????? ????? ???????????? ?????? ????????????»,,??????-????????? ???????????????? ?????,????? ????????,?????????????????,?????????????????,??????????????????? ??????????,??????? ??????????????????? ?????,(915) 188-43-55,,pretrekirill@yandex.ru
1364,149,????????????????? ??????????????????? ?????????? ??????? ?????????????-??????????????? ???????? ??????,"129515 ????? ??????????, ??? 9  ?????? 2",??????-????????? ???????????????? ?????,????? ????????,?????????????????,?????????????????,??????????????????? ??????????,??????? ??????????????????? ?????,(499) 201-18-11,,dvokpenaty@mail.ru
1373,150,????????????????? ??????????????????? ?????????? ????? ?????,,??????-????????? ???????????????? ?????,????? ????????,?????????????????,?????????????????,??????????????????? ??????????,??????? ??????????????????? ?????,"(499) 909-57-74,(499) 909-95-36",,slotos@mail.ru
1374,151,?????????????? ??????????? «????????????????? (???????) ??????????????? ?????????? ?????????-????????????? ?????»,"127322, ?. ??????, ??. ???????????, ?. 11?",??????-????????? ???????????????? ?????,????????? ?????,?????????????????,?????????????????,??????????????????? ??????????,??????? ??????????????????? ?????,"(495) 610-40-82,(495) 610-49-92",noufesch.mskobr.ru,fesch@fesch.ru
1390,152,"??????? ?????????? ??????? ??????????????????? ????? ""???????""","127560, ?. ??????, ??. ????????, ?.8?",??????-????????? ???????????????? ?????,????? ????????,?????????????????,?????????????????,??????????????????? ??????????,??????? ??????????????????? ?????,"(499) 205-03-49,(964) 556-18-02",,nadezhda@starlink.ru
1392,153,"??????? ?????????? ??????? ??????????????????? ????? ""?????????""",,??????-????????? ???????????????? ?????,???????????? ?????,?????????????????,?????????????????,??????????????????? ??????????,??????? ??????????????????? ?????,(499) 408-70-23,noupotential.mskobr.ru,potencial55@yandex.ru
1396,154,??????? ?????????? ??????? ??????????????????? ????? ???,"127221, ?. ??????, ??. ?????????, 2?",??????-????????? ???????????????? ?????,????? ???????? ??????????,?????????????????,?????????????????,??????????????????? ??????????,??????? ??????????????????? ?????,"(495) 472-09-00,(499) 798-04-64",,school-una@yandex.ru
