"","SCHOOL_OBJECTID","SCHOOL_ID","SCHOOL_NAME","SCHOOL_NUMB","ASSIGHED_OBJECTID","ASSIGNED_SCHOOL_ID","ASSIGHED_NAME","ASSIGHED_NUMB","COMPLEX_ID","HOUSE_ID_COUNT","SELF","ZERO_ASSIGNED"
"1",1936,10019,"Государственное бюджетное образовательное учреждение города Москвы средняя общеобразовательная школа «Школа здоровья» №1858",1858,1936,10019,"Государственное бюджетное образовательное учреждение города Москвы средняя общеобразовательная школа «Школа здоровья» №1858",1858,845,0,TRUE,TRUE
"2",1937,10025,"Государственное бюджетное образовательное учреждение города Москвы средняя общеобразовательная школа «Школа здоровья» №1858",1858,1936,10019,"Государственное бюджетное образовательное учреждение города Москвы средняя общеобразовательная школа «Школа здоровья» №1858",1858,845,0,FALSE,TRUE
"3",1950,10023,"Государственное бюджетное образовательное учреждение города Москвы киноколледж №40 «Московская международная киношкола»",40,1950,10023,"Государственное бюджетное образовательное учреждение города Москвы киноколледж №40 «Московская международная киношкола»",40,963,0,TRUE,TRUE
"4",1946,10027,"Государственное бюджетное образовательное учреждение города Москвы средняя общеобразовательная школа-интернат №95",95,1947,10026,"Государственное бюджетное образовательное учреждение города Москвы кадетская школа-интернат №69 «Второй московский кадетский корпус»",69,856,0,FALSE,TRUE
"5",1947,10026,"Государственное бюджетное образовательное учреждение города Москвы кадетская школа-интернат №69 «Второй московский кадетский корпус»",69,1947,10026,"Государственное бюджетное образовательное учреждение города Москвы кадетская школа-интернат №69 «Второй московский кадетский корпус»",69,856,0,TRUE,TRUE
"6",1920,10036,"Государственное бюджетное образовательное учреждение города Москвы средняя общеобразовательная школа №271",271,1920,10036,"Государственное бюджетное образовательное учреждение города Москвы средняя общеобразовательная школа №271",271,825,0,TRUE,TRUE
"7",1921,10049,"Государственное бюджетное образовательное учреждение города Москвы центр образования «Школа здоровья» №287 имени С.К.Годовикова",287,1920,10036,"Государственное бюджетное образовательное учреждение города Москвы средняя общеобразовательная школа №271",271,825,0,FALSE,TRUE
"8",1985,10043,"Государственное бюджетное образовательное учреждение города Москвы средняя общеобразовательная школа с этнокультурным (русским) компонентом образования №514",514,1986,10038,"Государственное бюджетное образовательное учреждение города Москвы средняя общеобразовательная школа №496",496,887,0,FALSE,TRUE
"9",1986,10038,"Государственное бюджетное образовательное учреждение города Москвы средняя общеобразовательная школа №496",496,1986,10038,"Государственное бюджетное образовательное учреждение города Москвы средняя общеобразовательная школа №496",496,887,0,TRUE,TRUE
"10",2004,10039,"Государственное бюджетное образовательное учреждение города Москвы средняя общеобразовательная школа №564",564,2004,10039,"Государственное бюджетное образовательное учреждение города Москвы средняя общеобразовательная школа №564",564,965,0,TRUE,TRUE
"11",1977,10046,"Государственное бюджетное образовательное учреждение города Москвы средняя общеобразовательная школа-интернат с углубленным изучением отдельных предметов №16 «ШИК 16»",16,1977,10046,"Государственное бюджетное образовательное учреждение города Москвы средняя общеобразовательная школа-интернат с углубленным изучением отдельных предметов №16 «ШИК 16»",16,964,0,TRUE,TRUE
"12",189,10241,"Государственное бюджетное образовательное учреждение города Москвы лицей №1537 информационных технологий",1537,1919,10047,"Государственное бюджетное образовательное учреждение города Москвы центр образования «Школа здоровья» №1099",1099,263,0,FALSE,TRUE
"13",1919,10047,"Государственное бюджетное образовательное учреждение города Москвы центр образования «Школа здоровья» №1099",1099,1919,10047,"Государственное бюджетное образовательное учреждение города Москвы центр образования «Школа здоровья» №1099",1099,263,0,TRUE,TRUE
"14",1984,10048,"Государственное бюджетное образовательное учреждение города Москвы центр образования «Школа здоровья» №1317",1317,1984,10048,"Государственное бюджетное образовательное учреждение города Москвы центр образования «Школа здоровья» №1317",1317,886,0,TRUE,TRUE
"15",1983,10052,"Государственное бюджетное образовательное учреждение города Москвы центр образования №46",46,1983,10052,"Государственное бюджетное образовательное учреждение города Москвы центр образования №46",46,885,0,TRUE,TRUE
"16",195,10061,"Государственное автономное образовательное учреждение города Москвы центр образования №548 «Царицыно»",548,194,10060,"Государственное автономное образовательное учреждение города Москвы центр образования №548 «Царицыно»",548,855,0,FALSE,TRUE
"17",197,10062,"Государственное автономное образовательное учреждение города Москвы центр образования №548 «Царицыно»",548,194,10060,"Государственное автономное образовательное учреждение города Москвы центр образования №548 «Царицыно»",548,855,0,FALSE,TRUE
"18",194,10060,"Государственное автономное образовательное учреждение города Москвы центр образования №548 «Царицыно»",548,194,10060,"Государственное автономное образовательное учреждение города Москвы центр образования №548 «Царицыно»",548,855,0,TRUE,TRUE
"19",1712,10788,"Государственное бюджетное образовательное учреждение города Москвы средняя общеобразовательная школа №1041",1041,7,10072,"Государственное бюджетное образовательное учреждение города Москвы прогимназия №1893",1893,421,40,FALSE,FALSE
"20",1711,10789,"Государственное бюджетное образовательное учреждение города Москвы средняя общеобразовательная школа №519",519,7,10072,"Государственное бюджетное образовательное учреждение города Москвы прогимназия №1893",1893,421,40,FALSE,FALSE
"21",12,10081,"Государственное бюджетное образовательное учреждение города Москвы центр образования №1989",1989,12,10081,"Государственное бюджетное образовательное учреждение города Москвы центр образования №1989",1989,429,0,TRUE,TRUE
"22",1715,11495,"Государственное бюджетное образовательное учреждение города Москвы средняя общеобразовательная школа №513",513,18,10085,"Государственное бюджетное образовательное учреждение города Москвы гимназия №1274 имени В.В.Маяковского",1274,496,42,FALSE,FALSE
"23",1716,11496,"Государственное бюджетное образовательное учреждение города Москвы средняя общеобразовательная школа №462",462,18,10085,"Государственное бюджетное образовательное учреждение города Москвы гимназия №1274 имени В.В.Маяковского",1274,496,42,FALSE,FALSE
"24",1717,11497,"Государственное бюджетное образовательное учреждение города Москвы средняя общеобразовательная школа №500",500,18,10085,"Государственное бюджетное образовательное учреждение города Москвы гимназия №1274 имени В.В.Маяковского",1274,496,42,FALSE,FALSE
"25",1997,10016,"Государственное бюджетное образовательное учреждение города Москвы прогимназия №1755",1755,43,10095,"Государственное бюджетное образовательное учреждение города Москвы гимназия №1513 «Московская городская лингвистическая гимназия»",1513,39,947,FALSE,FALSE
"26",44,10096,"Государственное бюджетное образовательное учреждение города Москвы гимназия №1514",1514,44,10096,"Государственное бюджетное образовательное учреждение города Москвы гимназия №1514",1514,565,0,TRUE,TRUE
"27",271,10253,"Государственное бюджетное образовательное учреждение города Москвы прогимназия №1733",1733,44,10096,"Государственное бюджетное образовательное учреждение города Москвы гимназия №1514",1514,565,0,FALSE,TRUE
"28",1978,10042,"Государственное бюджетное образовательное учреждение города Москвы средняя общеобразовательная школа с углубленным изучением иностранного языка №1233",1233,57,10110,"Государственное бюджетное образовательное учреждение города Москвы прогимназия №1768",1768,20,947,FALSE,FALSE
"29",219,10112,"Государственное бюджетное образовательное учреждение города Москвы гимназия №1522",1522,219,10112,"Государственное бюджетное образовательное учреждение города Москвы гимназия №1522",1522,893,0,TRUE,TRUE
"30",1966,10012,"Государственное бюджетное образовательное учреждение города Москвы начальная школа-детский сад компенсирующего вида №1616",1616,66,10124,"Государственное бюджетное образовательное учреждение города Москвы гимназия №1532",1532,523,57,FALSE,FALSE
"31",72,10130,"Государственное бюджетное образовательное учреждение города Москвы гимназия №1541",1541,72,10130,"Государственное бюджетное образовательное учреждение города Москвы гимназия №1541",1541,718,0,TRUE,TRUE
"32",1996,10018,"Государственное бюджетное образовательное учреждение города Москвы прогимназия №1938",1938,74,10132,"Государственное бюджетное образовательное учреждение города Москвы гимназия №1544",1544,107,82,FALSE,FALSE
"33",1942,10053,"Государственное бюджетное образовательное учреждение города Москвы центр образования №943",943,225,10136,"Государственное бюджетное образовательное учреждение города Москвы гимназия №1552",1552,854,34,FALSE,FALSE
"34",1970,10010,"Государственное бюджетное образовательное учреждение города Москвы начальная школа-детский сад №1658",1658,97,10154,"Государственное бюджетное образовательное учреждение города Москвы начальная школа-детский сад №1659",1659,704,16,FALSE,FALSE
"35",1971,10044,"Государственное бюджетное образовательное учреждение города Москвы средняя общеобразовательная школа-интернат «Интеллектуал»",NA,230,10158,"Государственное бюджетное образовательное учреждение города Москвы гимназия №1588",1588,863,136,FALSE,FALSE
"36",427,10282,"Государственное бюджетное образовательное учреждение города Москвы средняя общеобразовательная школа «Школа здоровья» №1025",1025,231,10160,"Государственное бюджетное образовательное учреждение города Москвы гимназия №1591",1591,818,51,FALSE,FALSE
"37",1929,10013,"Государственное бюджетное образовательное учреждение города Москвы начальная школа-детский сад компенсирующего вида №1645",1645,106,10167,"Государственное бюджетное образовательное учреждение города Москвы гимназия №1599",1599,415,44,FALSE,FALSE
"38",129,10184,"Государственное бюджетное образовательное учреждение города Москвы гимназия №1518",1518,130,10183,"Государственное бюджетное образовательное учреждение города Москвы гимназия №1518",1518,278,0,FALSE,TRUE
"39",130,10183,"Государственное бюджетное образовательное учреждение города Москвы гимназия №1518",1518,130,10183,"Государственное бюджетное образовательное учреждение города Москвы гимназия №1518",1518,278,0,TRUE,TRUE
"40",234,10192,"Государственное бюджетное образовательное учреждение города Москвы лицей №1555 «Лингвистический»",1555,234,10192,"Государственное бюджетное образовательное учреждение города Москвы лицей №1555 «Лингвистический»",1555,896,0,TRUE,TRUE
"41",236,10193,"Государственное бюджетное образовательное учреждение города Москвы лицей «Вторая школа»",NA,236,10193,"Государственное бюджетное образовательное учреждение города Москвы лицей «Вторая школа»",NA,897,0,TRUE,TRUE
"42",237,10194,"Государственное бюджетное образовательное учреждение города Москвы лицей №1303",1303,237,10194,"Государственное бюджетное образовательное учреждение города Москвы лицей №1303",1303,898,0,TRUE,TRUE
"43",239,10196,"Государственное бюджетное образовательное учреждение города Москвы лицей №1511 при «Национальном исследовательском ядерном университете МИФИ»",1511,239,10196,"Государственное бюджетное образовательное учреждение города Москвы лицей №1511 при «Национальном исследовательском ядерном университете МИФИ»",1511,899,0,TRUE,TRUE
"44",240,10197,"Государственное бюджетное образовательное учреждение города Москвы лицей №1523",1523,240,10197,"Государственное бюджетное образовательное учреждение города Москвы лицей №1523",1523,900,0,TRUE,TRUE
"45",241,10200,"Государственное бюджетное образовательное учреждение города Москвы лицей №1525 «Воробьевы горы»",1525,241,10200,"Государственное бюджетное образовательное учреждение города Москвы лицей №1525 «Воробьевы горы»",1525,901,0,TRUE,TRUE
"46",247,10202,"Государственное бюджетное образовательное учреждение города Москвы лицей №1535",1535,247,10202,"Государственное бюджетное образовательное учреждение города Москвы лицей №1535",1535,879,0,TRUE,TRUE
"47",246,10203,"Государственное бюджетное образовательное учреждение города Москвы средняя общеобразовательная школа №35",35,247,10202,"Государственное бюджетное образовательное учреждение города Москвы лицей №1535",1535,879,0,FALSE,TRUE
"48",248,10205,"Государственное бюджетное образовательное учреждение города Москвы лицей №1547",1547,248,10205,"Государственное бюджетное образовательное учреждение города Москвы лицей №1547",1547,902,0,TRUE,TRUE
"49",249,10207,"Государственное бюджетное образовательное учреждение города Москвы лицей №1553 «На Донской»",1553,249,10207,"Государственное бюджетное образовательное учреждение города Москвы лицей №1553 «На Донской»",1553,846,0,TRUE,TRUE
"50",253,10225,"Государственное бюджетное образовательное учреждение города Москвы лицей №1581",1581,253,10225,"Государственное бюджетное образовательное учреждение города Москвы лицей №1581",1581,903,0,TRUE,TRUE
"51",1924,10002,"Государственное бюджетное образовательное учреждение города Москвы прогимназия №1718",1718,190,10245,"Государственное бюджетное образовательное учреждение города Москвы прогимназия №1718",1718,685,871,FALSE,FALSE
"52",268,10250,"Государственное бюджетное образовательное учреждение города Москвы прогимназия №1672",1672,268,10250,"Государственное бюджетное образовательное учреждение города Москвы прогимназия №1672",1672,904,0,TRUE,TRUE
"53",132,10186,"Государственное бюджетное образовательное учреждение города Москвы гимназия №1563",1563,280,10263,"Государственное бюджетное образовательное учреждение города Москвы прогимназия №1749",1749,669,402,FALSE,FALSE
"54",1973,10017,"Государственное бюджетное образовательное учреждение города Москвы прогимназия №1776",1776,286,10273,"Государственное бюджетное образовательное учреждение города Москвы средняя общеобразовательная школа №648",648,135,67,FALSE,FALSE
"55",1044,10426,"Государственное бюджетное образовательное учреждение города Москвы средняя общеобразовательная школа №1189 имени И.В. Курчатова",1189,290,10276,"Государственное бюджетное образовательное учреждение города Москвы средняя общеобразовательная школа «Школа здоровья» №738",738,132,2404,FALSE,FALSE
"56",1956,10007,"Государственное бюджетное образовательное учреждение города Москвы начальная школа-детский сад №1620",1620,304,10292,"Государственное бюджетное образовательное учреждение города Москвы средняя общеобразовательная школа «Школа здоровья» №137",137,587,43,FALSE,FALSE
"57",156,10214,"Государственное бюджетное образовательное учреждение города Москвы лицей №1561",1561,306,10293,"Государственное бюджетное образовательное учреждение города Москвы средняя общеобразовательная школа «Школа здоровья» №1693 имени 1-й дивизии народного ополчения Москвы",1693,580,13,FALSE,FALSE
"58",1965,10015,"Государственное бюджетное образовательное учреждение города Москвы начальная школа-детский сад компенсирующего вида №1850",1850,321,10312,"Государственное бюджетное образовательное учреждение города Москвы средняя общеобразовательная школа «Школа здоровья» №48",48,528,36,FALSE,FALSE
"59",1964,10056,"Новая школа ЖК «Теплый Край»",NA,321,10312,"Государственное бюджетное образовательное учреждение города Москвы средняя общеобразовательная школа «Школа здоровья» №48",48,528,36,FALSE,FALSE
"60",2001,10029,"Государственное бюджетное образовательное учреждение города Москвы начальная школа-детский сад №1657",1657,321,10312,"Государственное бюджетное образовательное учреждение города Москвы средняя общеобразовательная школа «Школа здоровья» №48",48,528,36,FALSE,FALSE
"61",1963,10020,"Государственное бюджетное образовательное учреждение города Москвы средняя общеобразовательная школа №126",126,321,10312,"Государственное бюджетное образовательное учреждение города Москвы средняя общеобразовательная школа «Школа здоровья» №48",48,528,36,FALSE,FALSE
"62",1959,10009,"Государственное бюджетное образовательное учреждение города Москвы начальная школа-детский сад №1649",1649,323,10314,"Государственное бюджетное образовательное учреждение города Москвы средняя общеобразовательная школа «Школа здоровья» №523",523,591,97,FALSE,FALSE
"63",1958,10024,"Государственное бюджетное образовательное учреждение города Москвы средняя общеобразовательная школа-интернат с углубленным изучением предметной области «Искусство» №95",95,323,10314,"Государственное бюджетное образовательное учреждение города Москвы средняя общеобразовательная школа «Школа здоровья» №523",523,591,97,FALSE,FALSE
"64",265,10248,"Государственное бюджетное образовательное учреждение города Москвы прогимназия №1644",1644,324,10315,"Государственное бюджетное образовательное учреждение города Москвы средняя общеобразовательная школа «Школа здоровья» №533",533,568,67,FALSE,FALSE
"65",40,10091,"Государственное бюджетное образовательное учреждение города Москвы гимназия №1505 «Московская городская педагогическая гимназия-лаборатория»",1505,363,10358,"Государственное бюджетное образовательное учреждение города Москвы средняя общеобразовательная школа №1032",1032,674,498,FALSE,FALSE
"66",1916,10037,"Государственное бюджетное образовательное учреждение города Москвы средняя общеобразовательная школа №300",300,368,10361,"Государственное бюджетное образовательное учреждение города Москвы средняя общеобразовательная школа №1038",1038,271,125,FALSE,FALSE
"67",86,10140,"Государственное бюджетное образовательное учреждение города Москвы гимназия №1565 «Свиблово»",1565,391,10383,"Государственное бюджетное образовательное учреждение города Москвы средняя общеобразовательная школа №1098",1098,293,90,FALSE,FALSE
"68",1972,10055,"Новая школа ЖК «Мичурино»",NA,410,10396,"Государственное бюджетное образовательное учреждение города Москвы средняя общеобразовательная школа №1117",1117,776,112,FALSE,FALSE
"69",1045,10431,"Государственное бюджетное образовательное учреждение города Москвы средняя общеобразовательная школа №1199 «Лига Школ»",1199,1045,10431,"Государственное бюджетное образовательное учреждение города Москвы средняя общеобразовательная школа №1199 «Лига Школ»",1199,915,0,TRUE,TRUE
"70",168,10221,"Государственное бюджетное образовательное учреждение города Москвы лицей №1574",1574,489,10438,"Государственное бюджетное образовательное учреждение города Москвы средняя общеобразовательная школа №128",128,45,174,FALSE,FALSE
"71",146,10204,"Государственное бюджетное образовательное учреждение города Москвы лицей №1546 «Плехановец»",1546,492,10442,"Государственное бюджетное образовательное учреждение города Москвы средняя общеобразовательная школа №1323",1323,42,295,FALSE,FALSE
"72",147,10206,"Государственное бюджетное образовательное учреждение города Москвы лицей №1548",1548,492,10442,"Государственное бюджетное образовательное учреждение города Москвы средняя общеобразовательная школа №1323",1323,42,295,FALSE,FALSE
"73",2007,10034,"Государственное бюджетное образовательное учреждение города Москвы средняя общеобразовательная школа №1784 «Кадетская школа»",1784,523,10467,"Государственное бюджетное образовательное учреждение города Москвы средняя общеобразовательная школа №155",155,206,151,FALSE,FALSE
"74",1938,10003,"Государственное бюджетное образовательное учреждение города Москвы средняя общеобразовательная школа №1770 «Московский Кадетский Музыкальный Корпус»",1770,1057,10496,"Государственное бюджетное образовательное учреждение города Москвы средняя общеобразовательная школа №1750",1750,851,73,FALSE,FALSE
"75",1939,10004,"Государственное бюджетное образовательное учреждение города Москвы средняя общеобразовательная школа №1770 «Московский Кадетский Музыкальный Корпус»",1770,1057,10496,"Государственное бюджетное образовательное учреждение города Москвы средняя общеобразовательная школа №1750",1750,851,73,FALSE,FALSE
"76",1907,10051,"Государственное бюджетное образовательное учреждение города Москвы центр образования №1863",1863,573,10511,"Государственное бюджетное образовательное учреждение города Москвы средняя общеобразовательная школа №1883 «Бутово»",1883,530,46,FALSE,FALSE
"77",1525,11270,"Государственное бюджетное образовательное учреждение города Москвы средняя общеобразовательная школа с углубленным изучением области знаний «Технология» №1379",1379,575,10512,"Государственное бюджетное образовательное учреждение города Москвы средняя общеобразовательная школа №190",190,599,90,FALSE,FALSE
"78",85,10139,"Государственное бюджетное образовательное учреждение города Москвы гимназия №1562 имени Артема Боровика",1562,603,10539,"Государственное бюджетное образовательное учреждение города Москвы средняя общеобразовательная школа №1965",1965,433,15,FALSE,FALSE
"79",84,10138,"Государственное бюджетное образовательное учреждение города Москвы средняя общеобразовательная школа №1967",1967,603,10539,"Государственное бюджетное образовательное учреждение города Москвы средняя общеобразовательная школа №1965",1965,433,15,FALSE,FALSE
"80",614,10549,"Государственное бюджетное образовательное учреждение города Москвы средняя общеобразовательная школа №1985",1985,614,10549,"Государственное бюджетное образовательное учреждение города Москвы средняя общеобразовательная школа №1985",1985,93,0,TRUE,TRUE
"81",1670,11447,"Государственное бюджетное образовательное учреждение города Москвы центр образования №2010",2010,616,10550,"Государственное бюджетное образовательное учреждение города Москвы средняя общеобразовательная школа №1986 имени Героя Советского Союза М.П.Судакова",1986,476,252,FALSE,FALSE
"82",1671,11448,"Государственное бюджетное образовательное учреждение города Москвы центр образования №2010",2010,616,10550,"Государственное бюджетное образовательное учреждение города Москвы средняя общеобразовательная школа №1986 имени Героя Советского Союза М.П.Судакова",1986,476,252,FALSE,FALSE
"83",1413,11172,"Государственное бюджетное образовательное учреждение города Москвы средняя общеобразовательная школа с углубленным изучением английского языка №1354",1354,1067,10565,"Государственное бюджетное образовательное учреждение города Москвы средняя общеобразовательная школа №2003",2003,576,39,FALSE,FALSE
"84",517,10462,"Государственное бюджетное образовательное учреждение города Москвы средняя общеобразовательная школа №1978",1978,1068,10573,"Государственное бюджетное образовательное учреждение города Москвы средняя общеобразовательная школа №2014",2014,525,11,FALSE,FALSE
"85",518,10461,"Государственное бюджетное образовательное учреждение города Москвы средняя общеобразовательная школа №1492",1492,1068,10573,"Государственное бюджетное образовательное учреждение города Москвы средняя общеобразовательная школа №2014",2014,525,11,FALSE,FALSE
"86",1951,10028,"Государственное бюджетное образовательное учреждение города Москвы «Воробьевы горы»",NA,1079,10610,"Государственное бюджетное образовательное учреждение города Москвы средняя общеобразовательная школа №22",22,857,18,FALSE,FALSE
"87",1995,10035,"Государственное бюджетное образовательное учреждение города Москвы средняя общеобразовательная школа №205 имени Героя Советского Союза Е.К. Лютикова",205,675,10612,"Государственное бюджетное образовательное учреждение города Москвы средняя общеобразовательная школа №221",221,211,194,FALSE,FALSE
"88",71,10129,"Государственное бюджетное образовательное учреждение города Москвы гимназия №1540",1540,680,10617,"Государственное бюджетное образовательное учреждение города Москвы средняя общеобразовательная школа №228",228,37,131,FALSE,FALSE
"89",5,10065,"Государственное бюджетное образовательное учреждение города Москвы гимназия №1554",1554,701,10638,"Государственное бюджетное образовательное учреждение города Москвы средняя общеобразовательная школа №258",258,291,16,FALSE,FALSE
"90",4,10063,"Государственное бюджетное образовательное учреждение города Москвы прогимназия №1627",1627,701,10638,"Государственное бюджетное образовательное учреждение города Москвы средняя общеобразовательная школа №258",258,291,16,FALSE,FALSE
"91",3,10064,"Государственное бюджетное образовательное учреждение города Москвы прогимназия №1709",1709,701,10638,"Государственное бюджетное образовательное учреждение города Москвы средняя общеобразовательная школа №258",258,291,16,FALSE,FALSE
"92",1914,10011,"Государственное бюджетное образовательное учреждение города Москвы начальная школа-детский сад №1856",1856,718,10656,"Государственное бюджетное образовательное учреждение города Москвы средняя общеобразовательная школа №283",283,262,59,FALSE,FALSE
"93",161,10217,"Государственное бюджетное образовательное учреждение города Москвы лицей №1568",1568,732,10669,"Государственное бюджетное образовательное учреждение города Москвы средняя общеобразовательная школа №307",307,268,41,FALSE,FALSE
"94",137,10189,"Государственное бюджетное образовательное учреждение города Москвы гимназия «Государственная столичная гимназия»",NA,744,10683,"Государственное бюджетное образовательное учреждение города Москвы средняя общеобразовательная школа №332",332,250,36,FALSE,FALSE
"95",223,10120,"Государственное бюджетное образовательное учреждение города Москвы гимназия №1530 «Школа Ломоносова»",1530,1096,10708,"Государственное бюджетное образовательное учреждение города Москвы средняя общеобразовательная школа №378",378,829,111,FALSE,FALSE
"96",224,10121,"Государственное бюджетное образовательное учреждение города Москвы гимназия №1530 «Школа Ломоносова»",1530,1096,10708,"Государственное бюджетное образовательное учреждение города Москвы средняя общеобразовательная школа №378",378,829,111,FALSE,FALSE
"97",1993,10001,"Государственное бюджетное образовательное учреждение города Москвы средняя общеобразовательная школа №459",459,827,10763,"Государственное бюджетное образовательное учреждение города Москвы средняя общеобразовательная школа №481 имени Маршала Советского Союза И.Х. Баграмяна",481,499,39,FALSE,FALSE
"98",1928,10021,"Государственное бюджетное образовательное учреждение города Москвы средняя общеобразовательная школа №530",530,829,10765,"Государственное бюджетное образовательное учреждение города Москвы средняя общеобразовательная школа №485",485,448,81,FALSE,FALSE
"99",665,10601,"Государственное бюджетное образовательное учреждение города Москвы центр образования «Школа здоровья» №1804 «Кожухово»",1804,829,10765,"Государственное бюджетное образовательное учреждение города Москвы средняя общеобразовательная школа №485",485,448,81,FALSE,FALSE
"100",664,10600,"Государственное бюджетное образовательное учреждение города Москвы средняя общеобразовательная школа №490",490,829,10765,"Государственное бюджетное образовательное учреждение города Москвы средняя общеобразовательная школа №485",485,448,81,FALSE,FALSE
"101",1948,10032,"Государственное бюджетное образовательное учреждение города Москвы средняя общеобразовательная школа №1426",1426,850,10779,"Государственное бюджетное образовательное учреждение города Москвы средняя общеобразовательная школа №508",508,363,59,FALSE,FALSE
"102",1961,10022,"Государственное бюджетное образовательное учреждение города Москвы средняя общеобразовательная школа с углубленным изучением английского языка №1279",1279,854,10785,"Государственное бюджетное образовательное учреждение города Москвы средняя общеобразовательная школа №516",516,570,34,FALSE,FALSE
"103",113,10173,"Государственное бюджетное образовательное учреждение города Москвы гимназия №45 имени Л.И.Мильграма",45,856,10790,"Государственное бюджетное образовательное учреждение города Москвы средняя общеобразовательная школа №520",520,505,65,FALSE,FALSE
"104",112,10172,"Государственное бюджетное образовательное учреждение города Москвы прогимназия №45",45,856,10790,"Государственное бюджетное образовательное учреждение города Москвы средняя общеобразовательная школа №520",520,505,65,FALSE,FALSE
"105",1117,10794,"Государственное бюджетное образовательное учреждение города Москвы средняя общеобразовательная школа №528",528,1117,10794,"Государственное бюджетное образовательное учреждение города Москвы средняя общеобразовательная школа №528",528,933,0,TRUE,TRUE
"106",68,10126,"Государственное бюджетное образовательное учреждение города Москвы гимназия №1536",1536,862,10796,"Государственное бюджетное образовательное учреждение города Москвы средняя общеобразовательная школа №53",53,561,39,FALSE,FALSE
"107",1960,10014,"Государственное бюджетное образовательное учреждение города Москвы начальная школа-детский сад компенсирующего вида №1676",1676,865,10797,"Государственное бюджетное образовательное учреждение города Москвы средняя общеобразовательная школа №531",531,585,40,FALSE,FALSE
"108",1121,10814,"Государственное бюджетное образовательное учреждение города Москвы средняя общеобразовательная школа №555",555,1121,10814,"Государственное бюджетное образовательное учреждение города Москвы средняя общеобразовательная школа №555",555,934,0,TRUE,TRUE
"109",2003,10006,"Государственное бюджетное образовательное учреждение города Москвы начальная общеобразовательная школа №1771",1771,902,10823,"Государственное бюджетное образовательное учреждение города Москвы средняя общеобразовательная школа №581",581,361,89,FALSE,FALSE
"110",107,10168,"Государственное бюджетное образовательное учреждение города Москвы гимназия №1636 «Ника»",1636,902,10823,"Государственное бюджетное образовательное учреждение города Москвы средняя общеобразовательная школа №581",581,361,89,FALSE,FALSE
"111",145,10201,"Государственное бюджетное образовательное учреждение города Москвы лицей №1533 информационных технологий",1533,903,10824,"Государственное бюджетное образовательное учреждение города Москвы средняя общеобразовательная школа №584",584,605,24,FALSE,FALSE
"112",1908,10005,"Государственное бюджетное образовательное учреждение города Москвы начальная общеобразовательная школа «Школа здоровья» №1704",1704,924,10840,"Государственное бюджетное образовательное учреждение города Москвы средняя общеобразовательная школа №609",609,801,67,FALSE,FALSE
"113",252,10223,"Государственное бюджетное образовательное учреждение города Москвы лицей №1580 при МГТУ имени Н.Э.Баумана",1580,1128,10856,"Государственное бюджетное образовательное учреждение города Москвы средняя общеобразовательная школа №639",639,848,303,FALSE,FALSE
"114",251,10224,"Государственное бюджетное образовательное учреждение города Москвы средняя общеобразовательная школа №537",537,1128,10856,"Государственное бюджетное образовательное учреждение города Москвы средняя общеобразовательная школа №639",639,848,303,FALSE,FALSE
"115",1110,10739,"Государственное бюджетное образовательное учреждение города Москвы средняя общеобразовательная школа №433 имени Героя Советского Союза И.И.Якушкина",433,1132,10880,"Государственное бюджетное образовательное учреждение города Москвы средняя общеобразовательная школа №688",688,657,332,FALSE,FALSE
"116",259,10237,"Государственное бюджетное образовательное учреждение города Москвы лицей №1550",1550,976,10884,"Государственное бюджетное образовательное учреждение города Москвы средняя общеобразовательная школа №698",698,178,62,FALSE,FALSE
"117",989,10896,"Государственное бюджетное образовательное учреждение города Москвы средняя общеобразовательная школа №72",72,989,10896,"Государственное бюджетное образовательное учреждение города Москвы средняя общеобразовательная школа №72",72,755,0,TRUE,TRUE
"118",1969,10050,"Государственное бюджетное образовательное учреждение города Москвы центр образования №1130",1130,1137,10903,"Государственное бюджетное образовательное учреждение города Москвы средняя общеобразовательная школа №731",731,821,585,FALSE,FALSE
"119",1974,10054,"Новая школа ЖК «Головино»",NA,1001,10912,"Государственное бюджетное образовательное учреждение города Москвы средняя общеобразовательная школа №744 имени Петра Николаевича Еремеева",744,203,54,FALSE,FALSE
"120",226,10142,"Государственное бюджетное образовательное учреждение города Москвы гимназия №1567",1567,1141,10915,"Государственное бюджетное образовательное учреждение города Москвы средняя общеобразовательная школа №75",75,859,172,FALSE,FALSE
"121",1918,10033,"Государственное бюджетное образовательное учреждение города Москвы средняя общеобразовательная школа №1778 «Московский Шереметьевский кадетский корпус»",1778,1018,10928,"Государственное бюджетное образовательное учреждение города Москвы средняя общеобразовательная школа №762",762,283,100,FALSE,FALSE
"122",1905,11492,"Государственное бюджетное образовательное учреждение города Москвы лицей №1310 культурологический",1310,1720,10954,"Государственное бюджетное образовательное учреждение города Москвы средняя общеобразовательная школа №796",796,838,68,FALSE,FALSE
"123",1940,10008,"Государственное бюджетное образовательное учреждение города Москвы начальная школа-детский сад №1632",1632,1732,11000,"Государственное бюджетное образовательное учреждение города Москвы средняя общеобразовательная школа №871",871,852,44,FALSE,FALSE
"124",59,10117,"Государственное бюджетное образовательное учреждение города Москвы прогимназия №1717",1528,1232,11021,"Государственное бюджетное образовательное учреждение города Москвы средняя общеобразовательная школа №897",897,783,33,FALSE,FALSE
"125",60,10118,"Государственное бюджетное образовательное учреждение города Москвы гимназия №1528",1528,1232,11021,"Государственное бюджетное образовательное учреждение города Москвы средняя общеобразовательная школа №897",897,783,33,FALSE,FALSE
"126",58,10116,"Государственное бюджетное образовательное учреждение города Москвы прогимназия №1667",1667,1232,11021,"Государственное бюджетное образовательное учреждение города Москвы средняя общеобразовательная школа №897",897,783,33,FALSE,FALSE
"127",1988,10040,"Государственное бюджетное образовательное учреждение города Москвы средняя общеобразовательная школа №96",96,1291,11061,"Государственное бюджетное образовательное учреждение города Москвы средняя общеобразовательная школа №82",82,47,220,FALSE,FALSE
"128",209,10089,"Государственное бюджетное образовательное учреждение города Москвы гимназия №1503",1503,1371,11125,"Государственное бюджетное образовательное учреждение города Москвы средняя общеобразовательная школа с углубленным изучением английского языка №1201",1201,826,73,FALSE,FALSE
"129",210,10090,"Государственное бюджетное образовательное учреждение города Москвы гимназия №1503",1503,1371,11125,"Государственное бюджетное образовательное учреждение города Москвы средняя общеобразовательная школа с углубленным изучением английского языка №1201",1201,826,73,FALSE,FALSE
"130",169,10226,"Государственное бюджетное образовательное учреждение города Москвы лицей №1586",1586,1379,11131,"Государственное бюджетное образовательное учреждение города Москвы средняя общеобразовательная школа с углубленным изучением английского языка №1214",1214,768,50,FALSE,FALSE
"131",250,10222,"Государственное бюджетное образовательное учреждение города Москвы лицей №1575",1575,1405,11164,"Государственное бюджетное образовательное учреждение города Москвы средняя общеобразовательная школа с углубленным изучением английского языка №1289",1289,210,266,FALSE,FALSE
"132",1911,10031,"Государственное бюджетное образовательное учреждение города Москвы средняя общеобразовательная школа №1122",1122,1434,11194,"Государственное бюджетное образовательное учреждение города Москвы средняя общеобразовательная школа №655",655,235,43,FALSE,FALSE
"133",1987,10041,"Государственное бюджетное образовательное учреждение города Москвы средняя общеобразовательная школа с углубленным изучением английского языка №1259",1259,1480,11227,"Государственное бюджетное образовательное учреждение города Москвы средняя общеобразовательная школа с углубленным изучением немецкого языка №1258",1258,23,295,FALSE,FALSE
"134",513,10459,"Государственное бюджетное образовательное учреждение города Москвы средняя общеобразовательная школа №148",148,1482,11228,"Государственное бюджетное образовательное учреждение города Москвы средняя общеобразовательная школа с углубленным изучением английского языка №1288",1288,134,273,FALSE,FALSE
"135",238,10195,"Государственное бюджетное образовательное учреждение города Москвы лицей №1502 при МЭИ",1502,1501,11240,"Государственное бюджетное образовательное учреждение города Москвы средняя общеобразовательная школа №380",280,613,86,FALSE,FALSE
"136",1975,10045,"Государственное бюджетное образовательное учреждение города Москвы средняя общеобразовательная школа-интернат №42",42,1780,11251,"Государственное бюджетное образовательное учреждение города Москвы средняя общеобразовательная школа с углубленным изучением математики №1384 имени А.А. Леманского",1384,874,159,FALSE,FALSE
"137",277,10261,"Государственное бюджетное образовательное учреждение города Москвы прогимназия №1826",1826,1785,11256,"Государственное бюджетное образовательное учреждение города Москвы средняя общеобразовательная школа с углубленным изучением немецкого языка №1211",1211,181,81,FALSE,FALSE
"138",260,10242,"Государственное бюджетное образовательное учреждение города Москвы лицей №1501 «Многопрофильный технический лицей»",1501,1788,11262,"Государственное бюджетное образовательное учреждение города Москвы средняя общеобразовательная школа с углубленным изучением немецкого языка №1277",1277,884,131,FALSE,FALSE
"139",1801,11290,"Государственное бюджетное образовательное учреждение города Москвы средняя общеобразовательная школа с углубленным изучением физики и математики №2007",2007,1801,11290,"Государственное бюджетное образовательное учреждение города Москвы средняя общеобразовательная школа с углубленным изучением физики и математики №2007",2007,945,0,TRUE,TRUE
"140",1815,11330,"Государственное бюджетное образовательное учреждение города Москвы средняя общеобразовательная школа с этнокультурным (еврейским) компонентом образования №1871",1871,1815,11330,"Государственное бюджетное образовательное учреждение города Москвы средняя общеобразовательная школа с этнокультурным (еврейским) компонентом образования №1871",1871,951,0,TRUE,TRUE
"141",1043,10425,"Государственное бюджетное образовательное учреждение города Москвы средняя общеобразовательная школа №1181",1181,1820,11335,"Государственное бюджетное образовательное учреждение города Москвы центр образования №109",109,966,29,FALSE,FALSE
"142",1962,10030,"Государственное бюджетное образовательное учреждение города Москвы средняя общеобразовательная школа №109 «Подразделение в ФНКЦ ДГОИ им. Димы Рогачева»",109,1820,11335,"Государственное бюджетное образовательное учреждение города Москвы центр образования №109",109,966,29,FALSE,FALSE
"143",1828,11344,"Государственное бюджетное образовательное учреждение города Москвы центр образования №1311 «Тхия»",1311,1828,11344,"Государственное бюджетное образовательное учреждение города Москвы центр образования №1311 «Тхия»",1311,954,0,TRUE,TRUE
"144",73,10131,"Государственное бюджетное образовательное учреждение города Москвы гимназия №1542",1542,1830,11346,"Государственное бюджетное образовательное учреждение города Москвы центр образования №1364",1364,779,194,FALSE,FALSE
"145",1438,11196,"Государственное бюджетное образовательное учреждение города Москвы средняя общеобразовательная школа с углубленным изучением английского языка №1944",1944,1839,11379,"Государственное бюджетное образовательное учреждение города Москвы центр образования №1463",1463,106,98,FALSE,FALSE
"146",1866,11422,"Государственное бюджетное образовательное учреждение города Москвы центр образования №1685",1685,1866,11422,"Государственное бюджетное образовательное учреждение города Москвы центр образования №1685",1685,958,0,TRUE,TRUE
"147",1694,11469,"Государственное бюджетное образовательное учреждение города Москвы центр образования №57 «Пятьдесят седьмая школа»",57,1694,11469,"Государственное бюджетное образовательное учреждение города Москвы центр образования №57 «Пятьдесят седьмая школа»",57,8,0,TRUE,TRUE
"148",1696,11470,"Государственное бюджетное образовательное учреждение города Москвы центр образования №57 «Пятьдесят седьмая школа»",57,1694,11469,"Государственное бюджетное образовательное учреждение города Москвы центр образования №57 «Пятьдесят седьмая школа»",57,8,0,FALSE,TRUE
"149",1693,11471,"Государственное бюджетное образовательное учреждение города Москвы средняя общеобразовательная школа с углубленным изучением испанского языка №168",168,1694,11469,"Государственное бюджетное образовательное учреждение города Москвы центр образования №57 «Пятьдесят седьмая школа»",57,8,0,FALSE,TRUE
"150",1894,11475,"Государственное бюджетное образовательное учреждение города Москвы центр образования №686 «Класс-центр»",686,1894,11475,"Государственное бюджетное образовательное учреждение города Москвы центр образования №686 «Класс-центр»",686,960,0,TRUE,TRUE
"151",1904,11491,"Государственное бюджетное образовательное учреждение города Москвы гимназия №1543 на Юго-Западе",1543,1904,11491,"Государственное бюджетное образовательное учреждение города Москвы гимназия №1543 на Юго-Западе",1543,962,0,TRUE,TRUE
