"OBJECTID";"name";"adress";"okrug";"rayon";"form_of_incorporation";"submission";"tip_uchrezhdeniya";"vid_uchrezhdeniya";"telephone";"web_site";"e_mail";"ID";"OBJECTID_1";"COMPLEX_ID";"NUMB";"name_1";"adress_1";"ID_1"
22;"Государственное автономное образовательное учреждение города Москвы центр образования № 548 ""Царицыно""";"115582 г.Москва, ул. Домодедовская д35, к.2";"Южный административный округ";"район Орехово-Борисово Северное";"Государственное";"Южное окружное управление образования";"Общеобразовательное учреждение";"Центр образования";"393-43-81";"cou548.mskobr.ru";"sch548@sinergi.ru";22;0;0,000000;0,000000;"";"";0,000000
39;"Государственное бюджетное образовательное учреждение города Москвы ""Московский центр технологической модернизации образования""";"107076 г. Москва, 1-й Зборовский переулок, д. 3";"Восточный административный округ";"район Соколиная Гора";"Государственное";"Городское подчинение ДОгМ (для гор центров)";"Образовательное учреждение дополнительного профессионального образования";"Центр образования";"369-05-95";"rezerv.dop.mskobr.ru";"mduc_rezerv@bk.ru";39;0;0,000000;0,000000;"";"";0,000000
40;"Государственное бюджетное образовательное учреждение города Москвы ""Московское среднее специальное училище олимпийского резерва №4 им. А.Я. Гомельского (техникум)"" Департамента физической культуры и спорта города Москвы";"";"Северо-Восточный административный округ";"район Бибирево";"Государственное";"Департамент физической культуры и спорта";"Образовательное учреждение среднего профессионального образования";"Средняя общеобразовательная школа";"(495) 707-05-51";"";"uorgomelski@mail.ru";40;0;0,000000;0,000000;"";"";0,000000
42;"Государственное бюджетное образовательное учреждение города Москвы вечерняя (сменная) общеобразовательная школа № 112";"109316, г.Москва, Волгоградский проспект, д.27";"Юго-Восточный административный округ";"Нижегородский район";"Государственное";"Юго-Восточное окружное управление образования";"Вечернее (сменное) общеобразовательное учреждение";"Вечерняя (сменная) общеобразовательная школа";"676-03-11";"schuvv112.mskobr.ru";"vssh112@mail.ru";42;0;0,000000;0,000000;"";"";0,000000
43;"Государственное бюджетное образовательное учреждение города Москвы вечерняя (сменная) общеобразовательная школа № 115";"117485, г. Москва, улица Бутлерова, дом 5Б, строение 1";"Юго-Западный административный округ";"район Коньково";"Государственное";"Юго-Западное окружное управление образования";"Вечернее (сменное) общеобразовательное учреждение";"Вечерняя (сменная) общеобразовательная школа";"334-99-10";"";"dir115@bk.ru";43;0;0,000000;0,000000;"";"";0,000000
44;"Государственное бюджетное образовательное учреждение города Москвы вечерняя (сменная) общеобразовательная школа № 148";"107564, г. Москва, ул. 2-я Гражданская, дом 8.";"Восточный административный округ";"район Богородское";"Государственное";"Восточное окружное управление образования";"Вечернее (сменное) общеобразовательное учреждение";"Вечерняя (сменная) общеобразовательная школа";"(499) 169-42-70";"schsv148.mskobr.ru";"bcow148@mail.ru";44;0;0,000000;0,000000;"";"";0,000000
45;"Государственное бюджетное образовательное учреждение города Москвы вечерняя (сменная) общеобразовательная школа № 166";"117152 г. Москва,Севастопольский проспект ,д. 5А";"Южный административный округ";"Нагорный район";"Государственное";"Южное окружное управление образования";"Вечернее (сменное) общеобразовательное учреждение";"Вечерняя (сменная) общеобразовательная школа";"(499) 123-15-96; (499) 127-66-53";"schvu166.mskobr.ru";"sch166@sinergi.ru";45;0;0,000000;0,000000;"";"";0,000000
46;"Государственное бюджетное образовательное учреждение города Москвы вечерняя (сменная) общеобразовательная школа № 182";"117449, г.Москва, ул. Гримау, дом 11а";"Юго-Западный административный округ";"Академический район";"Государственное";"Юго-Западное окружное управление образования";"Вечернее (сменное) общеобразовательное учреждение";"Вечерняя (сменная) общеобразовательная школа";"126-06-73";"";"sch182@mosuzedu.ru";46;0;0,000000;0,000000;"";"";0,000000
47;"Государственное бюджетное образовательное учреждение города Москвы вечерняя (сменная) общеобразовательная школа № 185";"""111033, г.Москва, Танковый пр-д, д.6";"Юго-Восточный административный округ";"район Лефортово";"Государственное";"Юго-Восточное окружное управление образования";"Вечернее (сменное) общеобразовательное учреждение";"Вечерняя (сменная) общеобразовательная школа";"(495) 362-32-21";"schuvv185.mskobr.ru";"school185@mail.ru";47;0;0,000000;0,000000;"";"";0,000000
48;"Государственное бюджетное образовательное учреждение города Москвы вечерняя (сменная) общеобразовательная школа № 90";"125130, г. Москва, 4-й Новоподмосковный пер., д. 2а";"Северный административный округ";"Войковский район";"Государственное";"Северное окружное управление образования";"Вечернее (сменное) общеобразовательное учреждение";"Вечерняя (сменная) общеобразовательная школа";"450-95-10";"schsv90.mskobr.ru";"vschool_90@mail.ru";48;0;0,000000;0,000000;"";"";0,000000
49;"Государственное бюджетное образовательное учреждение города Москвы вечерняя (сменная) общеобразовательная школа №2081";"105318, Москва Город, Семеновская Площадь, 4";"";"";"Государственное";"Троицкое и новомосковское окружное управление образования";"Вечернее (сменное) общеобразовательное учреждение";"Вечерняя (сменная) общеобразовательная школа";"(495) 867-83-61";"sch2081tn.mskobr.ru";"";49;0;0,000000;0,000000;"";"";0,000000
110;"Государственное бюджетное образовательное учреждение города Москвы гимназия № 1788";"105318, Москва Город, Семеновская Площадь, 4";"";"";"Государственное";"Троицкое и новомосковское окружное управление образования";"Общеобразовательное учреждение";"Гимназия";"(495)436-25-57";"gym1788tn.mskobr.ru";"";110;0;0,000000;0,000000;"";"";0,000000
154;"Государственное бюджетное образовательное учреждение города Москвы лицей № 1791";"142770, г. Москва, поселение Сосенское, пос. Коммунарка";"";"";"Государственное";"Троицкое и новомосковское окружное управление образования";"Общеобразовательное учреждение";"Лицей";"(498)617-81-46";"lyc1791tn.mskobr.ru";"";154;0;0,000000;0,000000;"";"";0,000000
178;"Государственное бюджетное образовательное учреждение города Москвы прогимназия № 1792 ""Остафьево""";"105318, Москва Город, Семеновская Площадь, 4";"";"";"Государственное";"Троицкое и новомосковское окружное управление образования";"Образовательное учреждение для детей дошкольного и младшего школьного возраста";"Прогимназия";"(495)867-91-40";"";"";178;0;0,000000;0,000000;"";"";0,000000
247;"Государственное бюджетное образовательное учреждение города Москвы средняя общеобразовательная школа ""Школа надомного обучения"" № 1673 ""Поддержка""";"123458, г. Москва, ул. Таллинская, д. 3, корп. 2";"Северо-Западный административный округ";"район Строгино";"Государственное";"Северо-Западное окружное управление образования";"Общеобразовательное учреждение";"Средняя общеобразовательная школа ""Школа надомного обучения""";"758-67-02";"sch1673.mskobr.ru";"sch1673@szouo.ru";247;0;0,000000;0,000000;"";"";0,000000
248;"Государственное бюджетное образовательное учреждение города Москвы средняя общеобразовательная школа ""Школа надомного обучения"" № 1975";"119634 г.Москва, ул. Шолохова, д.9, корп.3";"Западный административный округ";"район Ново-Переделкино";"Государственное";"Западное окружное управление образования";"Общеобразовательное учреждение";"Средняя общеобразовательная школа ""Школа надомного обучения""";"732-96-80";"http://shnd1975.mskzapad.ru/";"sch1975@bk.ru";248;0;0,000000;0,000000;"";"";0,000000
249;"Государственное бюджетное образовательное учреждение города Москвы средняя общеобразовательная школа ""Школа надомного обучения"" № 334";"105425, г. Москва, ул. 7-я Парковая, д.33, кор.5";"Восточный административный округ";"район Северное Измайлово";"Государственное";"Восточное окружное управление образования";"Общеобразовательное учреждение";"Средняя общеобразовательная школа ""Школа надомного обучения""";"(499) 164-57-59";"schv334.mskobr.ru";"nadom334@yandex.ru";249;0;0,000000;0,000000;"";"";0,000000
250;"Государственное бюджетное образовательное учреждение города Москвы средняя общеобразовательная школа ""Школа надомного обучения"" № 367";"124527, г. Москва, Зеленоград, корп. 864";"Зеленоградский административный округ";"район Старое Крюково";"Государственное";"Зеленоградское окружное управление образования";"Общеобразовательное учреждение";"Средняя общеобразовательная школа ""Школа надомного обучения""";"(499) 729-81-82";"schzg367.mskobr.ru";"s367@zou.ru";250;0;0,000000;0,000000;"";"";0,000000
251;"Государственное бюджетное образовательное учреждение города Москвы средняя общеобразовательная школа ""Школа надомного обучения"" № 370";"119449, г. Москва, улица Винокурова, дом 3Б";"Юго-Западный административный округ";"Академический район";"Государственное";"Юго-Западное окружное управление образования";"Общеобразовательное учреждение";"Средняя общеобразовательная школа ""Школа надомного обучения""";"(499) 126-75-23";"http://schnuz370.mskobr.ru";"sch370@mosuzedu.ru";251;0;0,000000;0,000000;"";"";0,000000
252;"Государственное бюджетное образовательное учреждение города Москвы средняя общеобразовательная школа ""Школа надомного обучения"" № 371";"115172 г.Москва, Краснохолмская набер., д.1/15";"Центральный административный округ";"Таганский район";"Государственное";"Центральное окружное управление образования";"Общеобразовательное учреждение";"Средняя общеобразовательная школа ""Школа надомного обучения""";"911-30-63";"schn371c.mskobr.ru/";"sch371@mail.ru";252;0;0,000000;0,000000;"";"";0,000000
253;"Государственное бюджетное образовательное учреждение города Москвы средняя общеобразовательная школа ""Школа надомного обучения"" № 379";"121609 г.Москва, ул. Крылатские холмы, д.13";"Западный административный округ";"район Крылатское";"Государственное";"Западное окружное управление образования";"Общеобразовательное учреждение";"Средняя общеобразовательная школа ""Школа надомного обучения""";"413-27-75";"shnd379.mskzapad.ru";"shnd379@mail.ru";253;0;0,000000;0,000000;"";"";0,000000
254;"Государственное бюджетное образовательное учреждение города Москвы средняя общеобразовательная школа ""Школа надомного обучения"" № 388";"127349, город Москва, Шенкурский проезд, дом 9";"Северо-Восточный административный округ";"район Бибирево";"Государственное";"Северо-Восточное окружное управление образования";"Общеобразовательное учреждение";"Средняя общеобразовательная школа ""Школа надомного обучения""";"909-15-98";"shnd388.svao.mskobr.ru";"sch388@yandex.ru";254;0;0,000000;0,000000;"";"";0,000000
255;"Государственное бюджетное образовательное учреждение города Москвы средняя общеобразовательная школа ""Школа надомного обучения"" № 410";"129226, г. Москва, ул. Докукина, д. 5 А";"Северо-Восточный административный округ";"район Ростокино";"Государственное";"Северо-Восточное окружное управление образования";"Общеобразовательное учреждение";"Средняя общеобразовательная школа ""Школа надомного обучения""";"(499) 187-89-97";"shnd410sv.mskobr.ru/";"sch410@yandex.ru";255;0;0,000000;0,000000;"";"";0,000000
256;"Государственное бюджетное образовательное учреждение города Москвы средняя общеобразовательная школа ""Школа надомного обучения"" № 526";"125171 Г. Москва, Ленинрадское ш.,дом 8/2, строение 1Б";"Северный административный округ";"Войковский район";"Государственное";"Северное окружное управление образования";"Общеобразовательное учреждение";"Средняя общеобразовательная школа ""Школа надомного обучения""";"(495) 708-28-99";"sch526s.mskobr.ru";"school526@mail.ru";256;0;0,000000;0,000000;"";"";0,000000
257;"Государственное бюджетное образовательное учреждение города Москвы средняя общеобразовательная школа ""Школа надомного обучения"" № 542";"119602 г.Москва, ул.Покрышкина, д. 9";"Западный административный округ";"район Тропарёво-Никулино";"Государственное";"Западное окружное управление образования";"Общеобразовательное учреждение";"Средняя общеобразовательная школа ""Школа надомного обучения""";"(499) 792-08-51";"shnd542.mskzapad.ru";"school542@mail.ru";257;0;0,000000;0,000000;"";"";0,000000
258;"Государственное бюджетное образовательное учреждение города Москвы средняя общеобразовательная школа ""Школа надомного обучения"" №196";"119334 г. Москва, 5-ый  Донской пр-д, д.21А, корп.29";"Южный административный округ";"Донской район";"Государственное";"Южное окружное управление образования";"Общеобразовательное учреждение";"Средняя общеобразовательная школа ""Школа надомного обучения""";"(495) 954-47-47; (495) 954-41-75; (495) 954-52-02";"schdu196.mskobr.ru/";"sch196@sinergi.ru";258;0;0,000000;0,000000;"";"";0,000000
259;"Государственное бюджетное образовательное учреждение города Москвы средняя общеобразовательная школа «Школа надомного обучения» № 265";"127562, г. Москва, Алтуфьевское шоссе, д. 24 А";"Северо-Восточный административный округ";"район Отрадное";"Государственное";"Северо-Восточное окружное управление образования";"Общеобразовательное учреждение";"Средняя общеобразовательная школа ""Школа надомного обучения""";"(499) 201-01-01";"scnd265.svao.mskobr.ru";"sch2651@yandex.ru";259;0;0,000000;0,000000;"";"";0,000000
487;"Государственное бюджетное образовательное учреждение города Москвы средняя общеобразовательная школа № 2057";"105318, Москва Город, Семеновская Площадь, 4";"";"";"Государственное";"Троицкое и новомосковское окружное управление образования";"Общеобразовательное учреждение";"Средняя общеобразовательная школа";"(495)847-85-57";"sch2057tn.mskobr.ru";"";487;0;0,000000;0,000000;"";"";0,000000
488;"Государственное бюджетное образовательное учреждение города Москвы средняя общеобразовательная школа № 2058";"105318, Москва Город, Семеновская Площадь, 4";"";"";"Государственное";"Троицкое и новомосковское окружное управление образования";"Общеобразовательное учреждение";"Средняя общеобразовательная школа";"(496)347-51-44";"sch2058tn.mskobr.ru";"";488;0;0,000000;0,000000;"";"";0,000000
489;"Государственное бюджетное образовательное учреждение города Москвы средняя общеобразовательная школа № 2059";"105318, Москва Город, Семеновская Площадь, 4";"";"";"Государственное";"Троицкое и новомосковское окружное управление образования";"Общеобразовательное учреждение";"Средняя общеобразовательная школа";"(495)845-89-06";"sch2059tn.mskobr.ru";"";489;0;0,000000;0,000000;"";"";0,000000
490;"Государственное бюджетное образовательное учреждение города Москвы средняя общеобразовательная школа № 2060";"105318, Москва Город, Семеновская Площадь, 4";"";"";"Государственное";"Троицкое и новомосковское окружное управление образования";"Общеобразовательное учреждение";"Средняя общеобразовательная школа";"(495)845-71-22";"sch2060tn.mskobr.ru";"gorchakovo-scool@yandex.ru";490;0;0,000000;0,000000;"";"";0,000000
491;"Государственное бюджетное образовательное учреждение города Москвы средняя общеобразовательная школа № 2061";"143397, г. Москва, поселение Первомайское, п. Первомайское, Парковая улица, д.1";"";"";"Государственное";"Троицкое и новомосковское окружное управление образования";"Общеобразовательное учреждение";"Средняя общеобразовательная школа";"(495)845-96-36";"sch2061tn.mskobr.ru";"";491;0;0,000000;0,000000;"";"";0,000000
492;"Государственное бюджетное образовательное учреждение города Москвы средняя общеобразовательная школа № 2062";"143340,г.Москва, п. Новофедоровское, дер. Яковлевское";"";"";"Государственное";"Троицкое и новомосковское окружное управление образования";"Общеобразовательное учреждение";"Средняя общеобразовательная школа";"(495)842-01-42";"sch2062tn.mskobr.ru";"";492;0;0,000000;0,000000;"";"";0,000000
493;"Государственное бюджетное образовательное учреждение города Москвы средняя общеобразовательная школа № 2063";"142784, г. Москва, г. Московский , 1 микрорайон,  46";"";"";"Государственное";"Троицкое и новомосковское окружное управление образования";"Общеобразовательное учреждение";"Средняя общеобразовательная школа";"(495)841-87-46";"sch2063tn.mskobr.ru";"school_1@inbox.ru";493;0;0,000000;0,000000;"";"";0,000000
494;"Государственное бюджетное образовательное учреждение города Москвы средняя общеобразовательная школа № 2064";"105318, Москва Город, Семеновская Площадь, 4";"";"";"Государственное";"Троицкое и новомосковское окружное управление образования";"Общеобразовательное учреждение";"Средняя общеобразовательная школа";"(499)558-06-75";"sch2064tn.mskobr.ru";"";494;0;0,000000;0,000000;"";"";0,000000
495;"Государственное бюджетное образовательное учреждение города Москвы средняя общеобразовательная школа № 2065 ""Вектор""";"142784 г .Москва,г.Московский, Радужная ул.5.";"";"";"Государственное";"Троицкое и новомосковское окружное управление образования";"Общеобразовательное учреждение";"Средняя общеобразовательная школа";"(495)642-60-96";"sch2065tn.mskobr.ru";"msk3vector@mail.ru";495;0;0,000000;0,000000;"";"";0,000000
496;"Государственное бюджетное образовательное учреждение города Москвы средняя общеобразовательная школа № 2066";"105318, Москва Город, Семеновская Площадь, 4";"";"";"Государственное";"Троицкое и новомосковское окружное управление образования";"Общеобразовательное учреждение";"Средняя общеобразовательная школа";"(495)736-63-90";"sch2066tn.mskobr.ru";"";496;0;0,000000;0,000000;"";"";0,000000
497;"Государственное бюджетное образовательное учреждение города Москвы средняя общеобразовательная школа № 2067";"105318, Москва Город, Семеновская Площадь, 4";"";"";"Государственное";"Троицкое и новомосковское окружное управление образования";"Общеобразовательное учреждение";"Средняя общеобразовательная школа";"(495)659-56-88";"sch2067tn.mskobr.ru";"Vsosch@mail.ru";497;0;0,000000;0,000000;"";"";0,000000
498;"Государственное бюджетное образовательное учреждение города Москвы средняя общеобразовательная школа № 2068";"105318, Москва Город, Семеновская Площадь, 4";"";"";"Государственное";"Троицкое и новомосковское окружное управление образования";"Общеобразовательное учреждение";"Средняя общеобразовательная школа";"(495)841-50-79";"sch2068tn.mskobr.ru";"jakovlevo_school@mail.ru";498;0;0,000000;0,000000;"";"";0,000000
499;"Государственное бюджетное образовательное учреждение города Москвы средняя общеобразовательная школа № 2069";"142771, г. Москва, п.""Мосрентген"", пос. завода Мосрентген, д 38";"";"";"Государственное";"Троицкое и новомосковское окружное управление образования";"Общеобразовательное учреждение";"Средняя общеобразовательная школа";"(495)424-08-11";"sch2069tn.mskobr.ru";"";499;0;0,000000;0,000000;"";"";0,000000
501;"Государственное бюджетное образовательное учреждение города Москвы средняя общеобразовательная школа № 2070";"105318, Москва Город, Семеновская Площадь, 4";"";"";"Государственное";"Троицкое и новомосковское окружное управление образования";"Общеобразовательное учреждение";"Средняя общеобразовательная школа";"(498)617-88-70";"sch2070tn.mskobr.ru";"";501;0;0,000000;0,000000;"";"";0,000000
502;"Государственное бюджетное образовательное учреждение города Москвы средняя общеобразовательная школа № 2071";"142762 г. Москва, п. Филимонковское, пос. Марьино";"";"";"Государственное";"Троицкое и новомосковское окружное управление образования";"Общеобразовательное учреждение";"Средняя общеобразовательная школа";"(498)627-72-64";"sch2071tn.mskobr.ru";"marinolen@mail.ru";502;0;0,000000;0,000000;"";"";0,000000
503;"Государственное бюджетное образовательное учреждение города Москвы средняя общеобразовательная школа № 2073";"142160, г.Москва, поселение Вороновское, п. ЛМС, мкр. Центральный";"";"";"Государственное";"Троицкое и новомосковское окружное управление образования";"Общеобразовательное учреждение";"Средняя общеобразовательная школа";"(495)850-73-73";"sch2073tn.mskobr.ru";"";503;0;0,000000;0,000000;"";"";0,000000
504;"Государственное бюджетное образовательное учреждение города Москвы средняя общеобразовательная школа № 2074";"142136, Москва Город, Кленовское Поселение, Кленово Село, Центральная Улица, 2";"";"";"Государственное";"Троицкое и новомосковское окружное управление образования";"Общеобразовательное учреждение";"Средняя общеобразовательная школа";"(495)865-63-72";"sch2074tn.mskobr.ru";"";504;0;0,000000;0,000000;"";"";0,000000
505;"Государственное бюджетное образовательное учреждение города Москвы средняя общеобразовательная школа № 2075";"142150, г.Москва, поселение Краснопахорское, с.Красная Пахра";"";"";"Государственное";"Троицкое и новомосковское окружное управление образования";"Общеобразовательное учреждение";"Средняя общеобразовательная школа";"(495)850-82-59";"sch2075tn.mskobr.ru";"";505;0;0,000000;0,000000;"";"";0,000000
506;"Государственное бюджетное образовательное учреждение города Москвы средняя общеобразовательная школа № 2076";"105318, г. Москва, Семеновская площадь, д.4";"";"";"Государственное";"Троицкое и новомосковское окружное управление образования";"Общеобразовательное учреждение";"Средняя общеобразовательная школа";"(495)850-57-82";"";"";506;0;0,000000;0,000000;"";"";0,000000
507;"Государственное бюджетное образовательное учреждение города Москвы средняя общеобразовательная школа № 2078";"105318, Москва Город, Семеновская Площадь, 4";"";"";"Государственное";"Троицкое и новомосковское окружное управление образования";"Общеобразовательное учреждение";"Средняя общеобразовательная школа";"(495)850-96-50";"sch2078tn.mskobr.ru";"";507;0;0,000000;0,000000;"";"";0,000000
508;"Государственное бюджетное образовательное учреждение города Москвы средняя общеобразовательная школа № 2079";"105318, город Москва, Семеновская Площадь, 4";"";"";"Государственное";"Троицкое и новомосковское окружное управление образования";"Общеобразовательное учреждение";"Средняя общеобразовательная школа";"(495)867-43-75";"sch2079tn.mskobr.ru";"";508;0;0,000000;0,000000;"";"";0,000000
510;"Государственное бюджетное образовательное учреждение города Москвы средняя общеобразовательная школа № 2080";"105318, Москва Город, Семеновская Площадь, 4";"";"";"Государственное";"Троицкое и новомосковское окружное управление образования";"Общеобразовательное учреждение";"Средняя общеобразовательная школа";"(495)867-83-61";"sch2080tn.mskobr.ru";"";510;0;0,000000;0,000000;"";"";0,000000
511;"Государственное бюджетное образовательное учреждение города Москвы средняя общеобразовательная школа № 2082";"142102, г. Москва, п. Рязановское, пос. Ерино, ул. Высокая, д. 4";"";"";"Государственное";"Троицкое и новомосковское окружное управление образования";"Общеобразовательное учреждение";"Средняя общеобразовательная школа";"(495)867-71-27";"sch2082tn.mskobr.ru";"";511;0;0,000000;0,000000;"";"";0,000000
512;"Государственное бюджетное образовательное учреждение города Москвы средняя общеобразовательная школа № 2083 ""Родники""";"142134, г. Москва, п. Рязановское, п. Знамя Октября, мкр. ""Родники"", д.11";"";"";"Государственное";"Троицкое и новомосковское окружное управление образования";"Общеобразовательное учреждение";"Средняя общеобразовательная школа";"(495)858-05-41";"sch2083tn.mskobr.ru";"adm@schoolrodniki.ru";512;0;0,000000;0,000000;"";"";0,000000
513;"Государственное бюджетное образовательное учреждение города Москвы средняя общеобразовательная школа № 2084";"142138, Москва Город, Щаповское Поселение, Курилово Поселок, Школьная Улица, д. 3";"";"";"Государственное";"Троицкое и новомосковское окружное управление образования";"Общеобразовательное учреждение";"Средняя общеобразовательная школа";"(495)865-86-05";"sch2084tn.mskobr.ru";"kurschool_07@mail.ru";513;0;0,000000;0,000000;"";"";0,000000
514;"Государственное бюджетное образовательное учреждение города Москвы средняя общеобразовательная школа № 2085";"142144, город Москва, поселение Щаповское, поселок Щапово";"";"";"Государственное";"Троицкое и новомосковское окружное управление образования";"Общеобразовательное учреждение";"Средняя общеобразовательная школа";"(495)865-67-23";"sch2085tn.mskobr.ru";"schapovo-school@inbox.ru";514;0;0,000000;0,000000;"";"";0,000000
1093;"Государственное бюджетное образовательное учреждение города Москвы средняя общеобразовательная школа с углубленным изучением отдельных предметов № 1391";"143381, г. Москва, п. Киевский, пос. Киевский, д. 7а";"";"";"Государственное";"Троицкое и новомосковское окружное управление образования";"Общеобразовательное учреждение";"Средняя общеобразовательная школа с углубленным изучением отдельных предметов";"(495)846-38-01";"sch1391tn.mskobr.ru";"school@kievskiy.ru";1092;0;0,000000;0,000000;"";"";0,000000
1094;"Государственное бюджетное образовательное учреждение города Москвы средняя общеобразовательная школа с углубленным изучением отдельных предметов № 1392 имени Д.В. Рябинкина";"142793, г.Москва, п.Десеновское, пос.Ватутинки-1";"";"";"Государственное";"Троицкое и новомосковское окружное управление образования";"Общеобразовательное учреждение";"Средняя общеобразовательная школа с углубленным изучением отдельных предметов";"(495)841-59-19";"sch1392tn.mskobr.ru";"";1093;0;0,000000;0,000000;"";"";0,000000
1141;"Государственное бюджетное образовательное учреждение города Москвы Центр образования ""Московская экспериментальная школа"" Департамента физической культуры и спорта города Москвы";"";"Юго-Западный административный округ";"район Черёмушки";"Государственное";"Департамент физической культуры и спорта";"Общеобразовательное учреждение";"Центр образования";"(495) 332-28-88";"";"mesh@mossport.ru";1140;0;0,000000;0,000000;"";"";0,000000
1142;"Государственное бюджетное образовательное учреждение города Москвы Центр образования ""Олимп"" Департамента физической культуры и спорта города Москвы";"";"Западный административный округ";"район Проспект Вернадского";"Государственное";"Департамент физической культуры и спорта";"Общеобразовательное учреждение";"Центр образования";"(499) 432-98-11,(499) 131-10-10";"";"olimp_co@list.ru";1141;0;0,000000;0,000000;"";"";0,000000
1143;"Государственное бюджетное образовательное учреждение города Москвы Центр образования ""Самбо-70"" Департамента физической культуры и спорта города Москвы";"";"Юго-Западный административный округ";"район Тёплый Стан";"Государственное";"Департамент физической культуры и спорта";"Общеобразовательное учреждение";"Центр образования";"(495) 339-69-44,(495) 339-77-11";"";"admin@sambo-70.ru";1142;0;0,000000;0,000000;"";"";0,000000
1144;"Государственное бюджетное образовательное учреждение города Москвы центр образования ""Технологии обучения""";"121151 г. Москва Резервный проезд, д. 10";"Западный административный округ";"район Дорогомилово";"Государственное";"Городское подчинение: Отдел коррекции, психолого-педагогического и социального сопровождения";"Общеобразовательное учреждение";"Центр образования";"232-30-07";"cotg.mskobr.ru";"ishool@i.home-edu.ru";1143;0;0,000000;0,000000;"";"";0,000000
1145;"Государственное бюджетное образовательное учреждение города Москвы Центр образования ""Чертаново"" Департамента физической культуры и спорта города Москвы";"";"Южный административный округ";"район Чертаново Северное";"Государственное";"Департамент физической культуры и спорта";"Общеобразовательное учреждение";"Центр образования";"(495) 311-80-18";"";"chertanovo@mossport.ru";1144;0;0,000000;0,000000;"";"";0,000000
1276;"Государственное бюджетное образовательное учреждение среднего профессионального образования города Москвы ""Колледж физической культуры и спорта ""Спарта"" Департамента физической культуры и спорта города Москвы";"";"Западный административный округ";"район Кунцево";"Государственное";"Департамент физической культуры и спорта";"Образовательное учреждение среднего профессионального образования";"Центр образования";"(499) 149-29-68";"";"Sparta@mossport.ru";1275;0;0,000000;0,000000;"";"";0,000000
1278;"Муниципальное  бюджетное образовательное учреждение городского округа Щербинка в городе Москве средняя общеобразовательная школа № 4";"142172, Москва Город, Щербинка Город, 40 лет Октября Улица, 8";"";"";"Государственное";"Троицкое и новомосковское окружное управление образования";"Общеобразовательное учреждение";"Средняя общеобразовательная школа";"(495)867-00-81,(495) 867-00-81";"sch4tn.mskobr.ru";"";1277;0;0,000000;0,000000;"";"";0,000000
1279;"Муниципальное  бюджетное образовательное учреждение городского округа Щербинка в городе Москве средняя общеобразовательная школа № 5";"142171, Москва Город, Щербинка Город, Авиаторов Улица, 9";"";"";"Государственное";"Троицкое и новомосковское окружное управление образования";"Общеобразовательное учреждение";"Средняя общеобразовательная школа";"(495)849-06-31,(495) 849-06-31";"sch5tn.mskobr.ru";"";1278;0;0,000000;0,000000;"";"";0,000000
1280;"Муниципальное автономное  общеобразовательное учреждение Средняя общеобразовательная школа №2";"142191, Москва Город, Троицк Город, В Микрорайон, 26";"";"";"Государственное";"Троицкое и новомосковское окружное управление образования";"Общеобразовательное учреждение";"Средняя общеобразовательная школа";"(495)851-06-74 ,(495) 851-06-74";"scha2tn.mskobr.ru";"";1279;0;0,000000;0,000000;"";"";0,000000
1281;"Муниципальное автономное общеобразовательное учреждение ""Гимназия г. Троицка""";"142190, Москва Город, Троицк Город, Октябрьский Проспект, 6";"";"";"Государственное";"Троицкое и новомосковское окружное управление образования";"Общеобразовательное учреждение";"Гимназия";"(4967)51-23-89,(4967) 51-23-89";"";"";1280;0;0,000000;0,000000;"";"";0,000000
1282;"Муниципальное автономное общеобразовательное учреждение ""Гимназия имени Н.В. Пушкова""";"142190, Москва Город, Троицк Город, Школьная Улица, 10";"";"";"Государственное";"Троицкое и новомосковское окружное управление образования";"Общеобразовательное учреждение";"Гимназия";"(495)851-03-11,(495) 851-03-11";"http://gympushkova.mskobr.ru";"";1281;0;0,000000;0,000000;"";"";0,000000
1283;"Муниципальное автономное общеобразовательное учреждение ""Лицей города Троицка""";"142190, Москва Город, Троицк Город, Школьная Улица, 10А";"";"";"Государственное";"Троицкое и новомосковское окружное управление образования";"Общеобразовательное учреждение";"Лицей";"(495) 334-00-56";"";"";1282;0;0,000000;0,000000;"";"";0,000000
1284;"Муниципальное автономное общеобразовательное учреждение Средняя общеобразовательная школа № 6 городского округа  Троицк";"142191, Москва Город, Троицк Город, В Микрорайон, 53";"";"";"Государственное";"Троицкое и новомосковское окружное управление образования";"Общеобразовательное учреждение";"Средняя общеобразовательная школа";"(495)851-40-64,(495)-851-40-64";"";"";1283;0;0,000000;0,000000;"";"";0,000000
1285;"Муниципальное автономное общеобразовательное учреждение Средняя общеобразовательная школа №4";"142191, Москва Город, Троицк Город, Комсомольский Проезд, 3";"";"";"Государственное";"Троицкое и новомосковское окружное управление образования";"Общеобразовательное учреждение";"Средняя общеобразовательная школа";"(4967)51-44-40";"scha4tn.mskobr.ru";"";1284;0;0,000000;0,000000;"";"";0,000000
1286;"Муниципальное бюджетное образовательное учреждение городского округа Щербинка в городе Москве средняя общеобразовательная  школа № 1";"142171, Москва Город, Щербинка Город, 40 лет Октября Улица, 5/1";"";"";"Государственное";"Троицкое и новомосковское окружное управление образования";"Общеобразовательное учреждение";"Средняя общеобразовательная школа";"(4958)67-00-70";"sch1tn.mskobr.ru";"";1285;0;0,000000;0,000000;"";"";0,000000
1287;"Муниципальное бюджетное образовательное учреждение городского округа Щербинка в городе Москве средняя общеобразовательная школа №2";"142172, Москва Город, Щербинка Город, Железнодорожная Улица, 41";"";"";"Государственное";"Троицкое и новомосковское окружное управление образования";"Общеобразовательное учреждение";"Средняя общеобразовательная школа";"(496)67-02-32,(496) 67-02-32";"";"";1286;0;0,000000;0,000000;"";"";0,000000
1288;"Муниципальное бюджетное образовательное учреждение городского округа Щербинка в городе Москве средняя общеобразовательная школа №3";"142171, Москва Город, Щербинка Город, Местечко Барыши Улица";"";"";"Государственное";"Троицкое и новомосковское окружное управление образования";"Общеобразовательное учреждение";"Средняя общеобразовательная школа";"(4967)66-39-89,(4967) 66-39-89";"";"";1287;0;0,000000;0,000000;"";"";0,000000
